datetime,daily_ret_gross,cost,daily_ret_net,bench_ret,nav,bench_nav
2023-01-03,0.0,0.0,0.0,-0.0040005445,1.0,0.9959994555
2023-01-04,1.1481461115181447e-16,0.0004749896579122,-0.0004749896579121,0.0075389147,0.9995250103420878,1.003508210436261
2023-01-05,-0.0074632872263158,0.0003349751087532,-0.0077982623350691,-0.011645496,0.9917304521009777,0.9918218595856583
2023-01-06,0.0243533719806943,0.0003304741596094,0.0240228978210848,0.022840738,1.0155546914178577,1.014475802823127
2023-01-09,-0.0066515167988309,0.0003173470987961,-0.006968863897627,-0.0007676482,1.0084774289927698,1.0136970422991465
2023-01-10,0.0077050040192712,0.0003277005355465,0.0073773034837246,0.0069782734,1.0159172730429358,1.020770897405081
2023-01-11,0.0103150140828627,0.0003196873931818,0.0099953266896809,0.01284945,1.0260716980766895,1.033887242012743
2023-01-12,0.0037107567639702,0.0003345131237709,0.0033762436401993,0.0034159422,1.0295359661217098,1.0374189410727759
2023-01-13,0.0008740533271759,0.0003408431989245,0.0005332101282514,0.003996849,1.030084925126245,1.0415653479299836
2023-01-17,0.000450491187306,0.0003268022605598,0.0001236889267461,-0.0020304918,1.0302123352250911,1.0394504580318475
2023-01-18,-0.0149840684834957,0.000347213173131,-0.0153312816566268,-0.015562594,1.014417859747624,1.0232739125703838
2023-01-19,-0.006223325140945,0.0003253317841884,-0.0065486569251334,-0.007638335,1.0077747852054086,1.0154578036294104
2023-01-20,0.0095788218019752,0.0003396569754402,0.0092391648265349,0.018918395,1.0170857825539472,1.034668635464304
2023-01-23,0.0069678627212556,0.0003292138027299,0.0066386489185256,0.0118813515,1.0238378579843468,1.0469618972082808
2023-01-24,0.004026630819045,0.0003303592846386,0.0036962715344064,-0.00071150064,1.027622240714662,1.0462169831483614
2023-01-25,-0.0034829539473304,0.000326855530255,-0.0038098094775855,-0.00018173456,1.0237071957626096,1.0460268493652645
2023-01-26,0.0074934137029776,0.0003317492503066,0.007161664452671,0.011007786,1.0310386431964462,1.0575412890733316
2023-01-27,-0.0022861731876265,0.0003313007355968,-0.0026174739232234,0.002494812,1.0283399264340438,1.060179655771807
2023-01-30,-0.0096026388515425,0.000327636905608,-0.0099302757571506,-0.012968779,1.018128227392466,1.0464304201158063
2023-01-31,0.0154638644988108,0.0003522372323386,0.0151116272664721,0.014642477,1.0335138016742949,1.0617527534744524
2023-02-01,0.0055395442041391,0.0003184437872204,0.0052211004169186,0.0104522705,1.0389098810151078,1.0728504804578873
2023-02-02,0.0153059791952155,0.0003337417862083,0.0149722374090071,0.01469934,1.0544646864002294,1.0886206744393012
2023-02-03,-0.0127526119690916,0.0003373210903071,-0.0130899330593987,-0.0103545785,1.0406618142417503,1.0773484662090966
2023-02-06,-0.0078346350989705,0.0002577676832307,-0.0080924027822013,-0.0061404705,1.0322403596808498,1.0707330397341195
2023-02-07,0.0081267498429827,0.0003341226031652,0.0077926272398175,0.0128724575,1.0402842240257375,1.084516005281943
2023-02-08,-0.0054885059532094,0.0003001671175185,-0.0057886730707279,-0.011080742,1.0342623587522168,1.0724987632325431
2023-02-09,-0.0097366451683849,0.0002489994109377,-0.0099856445793226,-0.0088297725,1.0239345824359452,1.0630288431466686
2023-02-10,0.0127073014811524,0.0003191297446579,0.0123881717364944,0.002195239,1.0366192598900974,1.065362445521269
2023-02-13,0.0029881486411241,0.0003328354328844,0.0026553132082397,0.011448622,1.0393718087027992,1.0775593774530376
2023-02-14,-0.0070860699535973,0.0003001972362635,-0.0073862671898608,-0.00028043985,1.0316947308141111,1.0772571868628587
2023-02-15,0.0009567453983365,0.0003338363316612,0.0006229090666752,0.0027731657,1.0323373828159763,1.0802445995435452
2023-02-16,-0.0105360894309261,0.0003497670798708,-0.010885856510797,-0.01378876,1.02109950619591,1.0653493660191433
2023-02-17,0.0066949651466203,0.0003336083119492,0.006361356834671,-0.002767384,1.0275950845185289,1.0624011352292118
2023-02-21,-0.0138242529470155,0.0003197327977904,-0.0141439857448059,-0.020041287,1.013060794291666,1.0411092491689573
2023-02-22,-0.0002502894292208,0.0003286294839689,-0.0005789189131898,-0.001573503,1.0124743142376396,1.039471060642062
2023-02-23,0.001206512595718,0.000355953335152,0.000850559260566,0.0053293705,1.0133354836416997,1.0450107870482515
2023-02-24,-0.0071862759392033,0.0003330255862857,-0.007519301525489,-0.010537505,1.0057159085937204,1.0339989806546765
2023-02-27,0.0021278930413939,0.0003326519626023,0.0017952410787915,0.003072977,1.007521411106422,1.0371764357402518
2023-02-28,-0.0021291522859099,0.0003273452730046,-0.0024564975589145,-0.0030360222,1.0050464372194852,1.0340275450560275
2023-03-01,-0.0036457125654299,0.0003296932777343,-0.0039754058431643,-0.004725218,1.0010509697403114,1.0291415394876329
2023-03-02,0.0040465721830129,0.0003394781659688,0.0037070940170441,0.0075821877,1.0047619598009918,1.036944683809895
2023-03-03,0.0128641454197769,0.0003147191919565,0.0125494262278203,0.016147733,1.0173711458920345,1.0536889896998265
2023-03-06,-0.0019297246782806,0.0003408867718042,-0.0022706114500848,0.00068712234,1.0150610913191862,1.0544130029440613
2023-03-07,-0.0123080652504689,0.0003313988525712,-0.0126394641030401,-0.015326917,1.0022312630930643,1.0382521023642168
2023-03-08,-0.0006345038382646,0.0003189251887278,-0.0009534290269925,0.0014147758,1.0012757067150722,1.0397209963129408
2023-03-09,-0.017498699746352,0.0003241174747646,-0.0178228172211166,-0.01845932,0.983430152806345,1.0205284537312813
2023-03-10,-0.0127761596248302,0.0003248614894982,-0.0131010211143284,-0.014478147,0.9705462136099618,1.005753092760477
2023-03-13,-0.0026847843454791,0.0003275436088904,-0.0030123279543696,-0.0015097857,0.9676226101196972,1.0042346211232964
2023-03-14,0.0146929476455525,0.0003234860671679,0.0143694615783845,0.016476631,0.9815268260381882,1.0207810244129698
2023-03-15,-0.015567211365381,0.0003332343394286,-0.0159004457048096,-0.006980896,0.9659201120329538,1.0136550582427695
2023-03-16,0.0174623351217485,0.000331953201077,0.0171303819206714,0.017562032,0.982466692456936,1.031456900812591
2023-03-17,-0.0105672224091396,0.0003290193300648,-0.0108962417392045,-0.011019468,0.9717614978752084,1.0200907945007074
2023-03-20,0.0113234674063535,0.0003211741477248,0.0110022932586286,0.008918405,0.9824531028522758,1.0291883773428365
2023-03-21,0.0070337721209766,0.0003309541429121,0.0067028179780644,0.012982249,0.9890383071726794,1.042549557125407
2023-03-22,-0.0142371587398305,0.0003157758847302,-0.0145529346245608,-0.01646322,0.974644897347209,1.0253858344055489
2023-03-23,0.0048344942422454,0.0003319840280135,0.0045025102142319,0.0029845238,0.979033245952764,1.028446122832515
2023-03-24,0.0092213200826176,0.0003318398624935,0.0088894802201241,0.0056397915,0.9877363426275052,1.0342463445342738
2023-03-27,0.001947348059997,0.0003293218425493,0.0016180262174477,0.0016469955,0.9893345259258024,1.0359497436096132
2023-03-28,0.0021637065011467,0.0003253165348796,0.0018383899662671,-0.0015738606,0.9911533085915458,1.0343193031245659
2023-03-29,0.0126909916212693,0.0003328772826677,0.0123581143386015,0.014237285,1.0034020945062034,1.0490452018241518
2023-03-30,0.0046375556910828,0.0003312405899902,0.0043063151010925,0.005715251,1.0077230600982434,1.0550407584629227
2023-03-31,0.0116705305061153,0.0003339781789205,0.0113365523271947,0.014436483,1.019147165300368,1.0702718364367796
2023-04-03,0.0048021147726876,0.0003380562318653,0.0044640585408223,0.0036988258,1.0236966979079818,1.0742305855184053
2023-04-04,-0.0045876135389636,0.000326310268295,-0.0049139238072587,-0.005796969,1.0186663303327197,1.0680033041153032
2023-04-05,0.0055234892676268,0.000332320040873,0.0051911692267538,-0.0024923086,1.0239543996390732,1.065341510295628
2023-04-06,0.0001052743419543,0.0003374312916421,-0.0002321569496877,0.0035791397,1.0237166815090335,1.0691545163891851
2023-04-10,0.0040563036236816,0.0003315509923947,0.0037247526312869,0.0009963512,1.0275297729121766,1.0702197697745748
2023-04-11,0.0063042503742096,0.0003266420266959,0.0059776083475137,-4.1365623e-05,1.0336719434600554,1.0701754994670512
2023-04-12,-0.0057611550126143,0.0003304313807205,-0.0060915863933348,-0.004134953,1.0273752415141022,1.0657503740750034
2023-04-13,0.0075527951008741,0.0003310486405297,0.0072217464603444,0.013262749,1.034794685027952,1.079885153783016
2023-04-14,-0.0036380941302458,0.0003281796028996,-0.0039662737331455,-0.002069354,1.0306904060495272,1.0776504891204945
2023-04-17,0.0155109679862993,0.00032850128625,0.0151824667000492,0.0033061504,1.0463388288174345,1.0812133637161605
2023-04-18,0.000859672768333,0.0003351437119073,0.0005245290564257,0.00085520744,1.0468876639360156,1.0821380254290378
2023-04-19,0.0007891126191056,0.0003280941566251,0.0004610184624804,-8.428097e-05,1.0473702984772333,1.0820468217865808
2023-04-20,-0.0060824231128746,0.000326407560758,-0.0064088306736327,-0.005952537,1.0406578795817003,1.0756058980441638
2023-04-21,0.0014823668952639,0.0003319466299,0.0011504202653639,0.0009032488,1.0418550734956822,1.0765774377808452
2023-04-24,0.0015877288129214,0.000333331734246,0.0012543970786753,0.00085151196,1.0431619734562785,1.0774941563449818
2023-04-25,-0.0190936718166517,0.0003207897031838,-0.0194144615198356,-0.015810847,1.0229095454636556,1.0604580610956171
2023-04-26,-0.0051334042510266,0.0003276544780916,-0.0054610587291182,-0.0038412213,1.017323376361303,1.05638460700358
2023-04-27,0.0258864176237905,0.000348409015729,0.0255380086080614,0.019566178,1.043303789504,1.077054016260672
2023-04-28,0.0155462511320624,0.0003305600337681,0.0152156910982942,0.008253217,1.059178377686773,1.085943176777593
2023-05-01,-0.0049183334429915,0.0003272225763742,-0.0052455560193658,-0.00038605928,1.053622398172116,1.0855239383366453
2023-05-02,-0.0255882195475247,0.0003280271351796,-0.0259162466827044,-0.0115863085,1.026316460190665,1.072946723102942
2023-05-03,-0.0132617512398595,0.0003294933512748,-0.0135912445911343,-0.0069983006,1.0123675421523064,1.0654379194068826
2023-05-04,-0.0170870883869335,0.0003197972274537,-0.0174068856143873,-0.007218778,0.9947453761463426,1.0577467595939023
2023-05-05,0.027192793515237,0.0003320798991704,0.0268607136160666,0.018474698,1.021464946815916,1.0772883115378782
2023-05-08,-0.0065728448792758,0.000337411038756,-0.0069102559180318,0.00045216084,1.0144063626221194,1.0777754191257454
2023-05-09,-0.0026323104462872,0.0003252835304349,-0.0029575939767222,-0.0045794845,1.0114061604740794,1.072839763299378
2023-05-10,-0.0066321673261269,0.0003135370495374,-0.0069457043756644,0.0044840574,1.0043812322797006,1.0776504383790149
2023-05-11,-0.0071690347057855,0.0003229594885777,-0.0074919941943633,-0.0016966462,0.9968564139185336,1.0758220468578108
2023-05-12,9.170967816744136e-05,0.0003333181663903,-0.0002416084882229,-0.0015832782,0.9966155649473912,1.0741187212639414
2023-05-15,0.0048885182845403,0.0003482598122943,0.004540258472246,0.0029581785,1.001140457209716,1.0772961561716317
2023-05-16,-0.017662164030036,0.0003289955878983,-0.0179911596179344,-0.006377697,0.9831287794440842,1.0704254877083044
2023-05-17,0.0142801219921684,0.0003321258766961,0.0139479961154722,0.011890888,0.9968414558407792,1.0831537972949892
2023-05-18,0.0034933555990133,0.0003385565468803,0.003154799052133,0.009445071,0.9999862903207926,1.0933842618143599
2023-05-19,-0.0087247134537791,0.0003331432185521,-0.0090578566723313,-0.0014458895,0.9909285578287704,1.0918033489907373
2023-05-22,0.0029808583127161,0.0003353998886087,0.0026454584241074,0.00015509129,0.9935500181297672,1.0919726781805585
2023-05-23,-0.0028330472494674,0.0003377342585496,-0.0031707815080171,-0.0112220645,0.990399688104991,1.0797184903537786
2023-05-24,-0.0092897699001257,0.00032556070209,-0.0096153306022157,0.0,0.9808766676755302,1.0797184903537786
2023-05-25,-0.0069605599881235,0.0003206973096516,-0.0072812572977751,0.0,0.9737346522808004,1.0797184903537786
2023-05-26,0.0027503609903889,0.0003342022854178,0.0024161587049711,0.013049126,0.9760873497372408,1.093807872978935
2023-05-30,-0.0041564782649881,0.000333211723869,-0.0044896899888572,1.6570091e-05,0.9717050201348753,1.0938259974749267
2023-05-31,-0.0044387072769908,0.0003234887144753,-0.0047621959914662,-0.0061086416,0.9670775703831012,1.08714420648359
2023-06-01,0.0070149350801313,0.0003431627342,0.0066717723459312,0.009854436,0.9735296917735536,1.0978573994891532
2023-06-02,0.0210047726125094,0.0003345256898683,0.020670246922641,0.014534473,0.9936527908890356,1.1138141782198785
2023-06-05,-0.004239421226809,0.0003231006762909,-0.0045625219030999,-0.0020036101,0.989119228266528,1.1115825288828738
2023-06-06,0.0027964568811686,0.0003265888727541,0.0024698680084144,0.0023539066,0.9915622222049312,1.114199090334056
2023-06-07,0.0054492483138893,0.0003382208585958,0.0051110274552935,-0.0038120747,0.9966301239462524,1.1099516801710305
2023-06-08,-0.0017966743638015,0.0003367651027379,-0.0021334394665394,0.006188631,0.9945038739062833,1.1168207615474393
2023-06-09,-0.0026601040156963,0.0003310383163841,-0.0029911423320805,0.0011481047,0.991529171269624,1.1181029887128293
2023-06-12,0.0085329436789646,0.0003327698123671,0.0082001738665974,0.009321213,0.9996598828678384,1.1285250648265581
2023-06-13,0.0098804640658297,0.0003318881486569,0.0095485759171728,0.006932497,1.009205211150754,1.136348561452893
2023-06-14,0.0030889256976655,0.0003349600881115,0.002753965609554,0.00081944466,1.011984527595246,1.1372797362134743
2023-06-15,0.015263207695249,0.0003380115433463,0.0149251961519026,0.012178183,1.0270885951722954,1.1511297369632738
2023-06-16,-0.0028484324212454,0.0003310890672568,-0.0031795214885023,-0.0036715865,1.0238229449133496,1.1469032645612909
2023-06-20,-0.0060409599730561,0.0003264931788446,-0.0063674531519008,-0.004735112,1.0173038002757726,1.1414725491504276
2023-06-21,-0.0021449362180848,0.0003266180300442,-0.0024715542481291,-0.0052452683,1.0147894787465632,1.1354852193730487
2023-06-22,-0.0004951965185088,0.0003327451857093,-0.0008279417042181,0.003710866,1.013949292216107,1.1396988528671228
2023-06-23,-0.0073175277388901,0.0003226650771189,-0.007640192816009,-0.007658839,1.00620252411792,1.1309700828445288
2023-06-26,0.0029206126205685,0.0003297438462807,0.0025908687742877,-0.0044867992,1.0088094628182669,1.1258956471815982
2023-06-27,0.0104490197853012,0.0003331711212975,0.0101158486640036,0.011455774,1.019014426674951,1.1387936532632943
2023-06-28,-0.0037851067319799,0.0003300183453884,-0.0041151250773683,-0.0003540516,1.0148210548535408,1.1383904615482865
2023-06-29,0.0083012149977537,0.0003346952508481,0.0079665197469056,0.004473567,1.0229056468266071,1.1434831275501838
2023-06-30,0.0094233406085127,0.0003315213983797,0.0090918192101329,0.01226902,1.0322057200365788,1.1575125449117596
2023-07-03,0.0017725156781727,0.0003332612331757,0.001439254444997,0.0011707544,1.033691326707293,1.1588677078167702
2023-07-05,0.0005191924391851,0.0003293992432587,0.0001897931959263,-0.0019683242,1.03388751428779,1.156586680462876
2023-07-06,-0.0068101570280295,0.0003303771230196,-0.0071405341510492,-0.00792253,1.0265050051836746,1.1474235877893084
2023-07-07,-0.0079585662004025,0.0003263688996099,-0.0082849351000125,-0.0028651357,1.0180004778358898,1.1441360635049111
2023-07-10,0.0065849613298437,0.0003246928631611,0.0062602684666825,0.0024050474,1.0243734341263535,1.1468877649696898
2023-07-11,0.0048109662657469,0.0003317513612758,0.004479214904471,0.006742239,1.0289618228802364,1.1546203563872914
2023-07-12,0.0007819567356442,0.0003377658898564,0.0004441908457877,0.0074111223,1.0294188783026248,1.1631773890585473
2023-07-13,0.0028199534714767,0.000330142760115,0.0024898107113617,0.008470178,1.0319819364523006,1.1730297085894485
2023-07-14,-0.0006376070654869,0.000339274814968,-0.0009768818804549,-0.001024425,1.0309738119976235,1.1718280276302269
2023-07-17,-0.0033925200850322,0.0003233952591795,-0.0037159153442117,0.0038553476,1.027142800590141,1.1763458320041638
2023-07-18,0.0034874698907884,0.0003298242223352,0.0031576456684532,0.0071172714,1.0303861536053074,1.1847182045507962
2023-07-19,0.0104914558828719,0.0003389944244363,0.0101524614584356,0.0023578405,1.040847109317091,1.1875115811145733
2023-07-20,0.0086659133886735,0.0003363029133697,0.0083296104753038,-0.0067569017,1.0495169603020484,1.1794876820933706
2023-07-21,0.0067756882700791,0.0003320766090192,0.0064436116610598,0.00032413006,1.0562796400259309,1.179869989506537
2023-07-24,0.0022815027584887,0.0003297720273742,0.0019517307311144,0.0040341616,1.05834121346002,1.1846297757111965
2023-07-25,-0.0014849719843838,0.0003326238437867,-0.0018175958281706,0.0028146505,1.056417576885654,1.187964094501717
2023-07-26,-0.0015281444586456,0.0003341951170067,-0.0018623395756524,-0.00015550852,1.0544501686238048,1.1877793559635679
2023-07-27,-0.0056263655658492,0.0003319676662998,-0.0059583332321491,-0.006424606,1.0481674031424482,1.1801483415865681
2023-07-28,0.0081809117413801,0.0003355556387168,0.0078453561026633,0.009877801,1.0563906496753044,1.1918056120552403
2023-07-31,0.006552704265803,0.0003340806619513,0.0062186236038516,0.0014687777,1.0629599455042635,1.193556109560962
2023-08-01,-0.0057538861855934,0.000330313922392,-0.0060842001079855,-0.0026651025,1.0564926844890423,1.1903751601894808
2023-08-02,-0.0095191684510702,0.0003269539549705,-0.0098461224060408,-0.0138396025,1.0460903281964766,1.1739008411465846
2023-08-03,-0.0036725917582768,0.0003407646212933,-0.0040133563795702,-0.0025479794,1.0418919949042025,1.1709097659857004
2023-08-04,-0.004918638404909,0.0003303283950725,-0.0052489667999816,-0.0053001046,1.036423138413784,1.1647038217488148
2023-08-07,0.0035520472553866,0.0003312334531545,0.0032208138022321,0.009024143,1.0397612643629397,1.1752142755889226
2023-08-08,-0.0044927670202521,0.000329553792172,-0.0048223208124241,-0.0042182803,1.03474720197785,1.170256892361927
2023-08-09,-0.001338586281125,0.0003267954102081,-0.0016653816913332,-0.007038772,1.0330239529325176,1.1620197209151628
2023-08-10,0.0028062958001833,0.0003357109130781,0.0024705848871051,0.00025069714,1.0355761262986505,1.16231103593582
2023-08-11,-0.0083005011471767,0.0003439208689225,-0.0086444220160993,-0.0010697246,1.0266241692331273,1.161067683227828
2023-08-14,0.0110516879275734,0.000342480591349,0.0107092073362243,0.005750537,1.0376185003178238,1.1677444458997337
2023-08-15,-0.0138721534277733,0.0003162773783958,-0.0141884308061692,-0.011550963,1.0228963220228633,1.1542558730116903
2023-08-16,-0.0089340707634466,0.0003152967373294,-0.009249367500776,-0.0075553656,1.0134351780252815,1.1455350478951398
2023-08-17,-0.0108128917506741,0.0003252890143815,-0.0111381807650556,-0.0077129602,1.0021473538187695,1.1366995816630194
2023-08-18,0.0012279689469958,0.0003280569497799,0.0008999119972158,-0.00014871359,1.0030491982454492,1.136530538987479
2023-08-21,0.0034064090880267,0.0003346932274533,0.0030717158605733,0.0068792105,1.0061302803766352,1.1443489718048523
2023-08-22,0.0027600105579203,0.0003336952671918,0.0024263152907284,-0.0027774572,1.008571469660378,1.1411705915138004
2023-08-23,0.0066730024077106,0.00033671134442,0.0063362910632905,0.01104486,1.0149620720502768,1.1537746609331874
2023-08-24,-0.0119768853330258,0.0003176855790523,-0.0122945709120781,-0.013458014,1.002483548882385,1.1382471453935032
2023-08-25,0.0078846327880539,0.0003308140726822,0.0075538187153717,0.0067179203,1.010056127875785,1.1458937989979594
2023-08-28,0.0061672546234968,0.0003268097480341,0.0058404448754627,0.0062645674,1.015955305011767,1.1530723279350241
2023-08-29,0.006687268681565,0.0003398042701391,0.0063474644114259,0.014508367,1.0224040451539285,1.1698015244462496
2023-08-30,0.0036614485611477,0.0003261775217746,0.0033352710393731,0.0038331747,1.0258140397562685,1.1742855780537784
2023-08-31,0.0014203034581042,0.0003356993713277,0.0010846040867765,-0.0015969872,1.0269266418560608,1.172410259016482
2023-09-01,0.0055593227199074,0.0003359692254216,0.0052233534944858,0.0017992258,1.0322906427193803,1.174519689802689
2023-09-05,-0.0098817374680205,0.0003239355927304,-0.0102056730607509,-0.0041942,1.0217554219161138,1.1695935193197187
2023-09-06,0.0009865409684861,0.0003347890446321,0.000651751923854,-0.0069715977,1.022421352978056,1.1614395838304945
2023-09-07,-0.0019578456504288,0.000334010406531,-0.0022918560569598,-0.0032113194,1.020078110407468,1.1577098303630118
2023-09-08,0.0005797596279731,0.0003316181516569,0.0002481414763161,0.0014266968,1.0203312340957424,1.1593615312733194
2023-09-11,0.0002250225336689,0.0003292780272503,-0.0001042554935813,0.006723404,1.0202248589593153,1.1671563872301285
2023-09-12,-0.0038386298073367,0.0003310759537603,-0.004169705761097,-0.00569582,1.0159708214872982,1.1605084745366154
2023-09-13,-0.0010575131653275,0.000326737007557,-0.0013842501728846,0.0012415648,1.0145644637020086,1.1619493210087017
2023-09-14,0.0090576437711118,0.0003301037389829,0.0087275400321289,0.008429885,1.0234191156741432,1.171744420160633
2023-09-15,-0.0073773591694292,0.0003207949977498,-0.0076981541671791,-0.012159646,1.0155406775440456,1.1574964228090046
2023-09-18,0.0005889616211721,0.0003277996578776,0.0002611619632945,0.0007213354,1.0158058981411986,1.15833136595415
2023-09-19,-0.0010370996472033,0.0003318692524256,-0.0013689688996289,-0.0021510124,1.0144152914585836,1.1558397808226737
2023-09-20,0.0011113776087027,0.0003316982872594,0.0007796793214432,-0.009394705,1.0152062100846897,1.14498100705458
2023-09-21,-0.0132658905898655,0.0003258139327087,-0.0135917045225742,-0.016400933,1.0014078272477358,1.1262022502716054
2023-09-22,-0.0064651361232452,0.0003306560238118,-0.0067957921470571,-0.0022956133,0.994602467799324,1.1236169254073918
2023-09-25,0.0022089224509961,0.0003346310790863,0.0018742913719098,0.004023075,0.9964666426232006,1.1281373205695753
2023-09-26,-0.0149760457045548,0.0003230833776984,-0.0152991290822532,-0.014734566,0.9812215708315488,1.1115147067625797
2023-09-27,0.0038926889288575,0.0003336905445025,0.003558998384355,0.00022935867,0.9847137368168328,1.1117696422974082
2023-09-28,0.0057243019547499,0.0003254602719554,0.0053988416827944,0.0058932304,0.9900300503847796,1.1183215569511922
2023-09-29,-0.0005074180929175,0.0003211632192572,-0.0008285813121747,-0.0027095675,0.9892097299865392,1.115291389205928
2023-10-02,-0.012889202209176,0.0003301234952367,-0.0132193257044127,7.927418e-05,0.9761330443758732,1.1153798030162683
2023-10-03,-0.0101263565001088,0.0003229746978534,-0.0104493311979622,-0.013743997,0.9659331069019144,1.1000500263497521
2023-10-04,-0.0017786180778272,0.0003286105006701,-0.0021072285784973,0.008109689,0.963897665054134,1.1089710899478906
2023-10-05,-0.004363053255704,0.0003300736272085,-0.0046931268829125,-0.0013040304,0.9593739710098916,1.1075249579338773
2023-10-06,0.0073932422017312,0.0003303508371262,0.0070628913646049,0.011814952,0.9661499251451642,1.120610312150668
2023-10-09,0.0206063964977182,0.0003512410161662,0.020255155481552,0.006303787,0.9857194420974692,1.1276744008684694
2023-10-10,0.0111481339443035,0.0003302122657178,0.0108179216785857,0.0052080154,0.9963828778191388,1.1335473465143782
2023-10-11,-0.0025739376961903,0.0003308420715266,-0.002904779767717,0.004292965,0.9934886049947502,1.1384136255988073
2023-10-12,-0.017378979433848,0.0003235249535042,-0.0177025043873522,-0.0062464476,0.9759013686060464,1.1313025845393783
2023-10-13,-0.0041770101535289,0.0003287056781282,-0.0045057158316572,-0.00501889,0.9715042343593822,1.1256247013108593
2023-10-16,0.0133018488120331,0.0003216386904416,0.0129802101215914,0.010594368,0.9841145634553828,1.1375499836264367
2023-10-17,0.0044233094385821,0.0003406239599132,0.0040826854786689,-9.8228455e-05,0.9881323936929486,1.1374382438490598
2023-10-18,-0.0201596363615,0.0003222504265783,-0.0204818867880783,-0.013399839,0.9678935778736968,1.1221967545090397
2023-10-19,-0.0114165741905961,0.0003202753392478,-0.0117368495298439,-0.008482873,0.9565335565892908,1.1126773019595273
2023-10-20,-0.0128194447675703,0.0003378607667533,-0.0131573055343237,-0.012585282,0.9439481523314122,1.0986739443393676
2023-10-23,-0.0011550735398788,0.0003418792047207,-0.0014969527445996,-0.0016855597,0.94253510655402,1.0968220638153492
2023-10-24,0.0029969322114126,0.0003278194259246,0.0026691127854879,0.007265806,0.9450508390576948,1.104791360147551
2023-10-25,-0.0120729364651364,0.0003279866301075,-0.0124009230952439,-0.014339626,0.9333313362814444,1.0889490652350038
2023-10-26,-5.627122361216835e-05,0.0003361301163268,-0.000392401339939,-0.011832476,0.9329650958144806,1.0760641015553882
2023-10-27,-0.0120772373070634,0.0003369000157801,-0.0124141373228435,-0.0048003197,0.9213831389976196,1.070898649850229
2023-10-30,0.005697194335366,0.0003291170513646,0.0053680772840013,0.0120100975,0.9263291948959348,1.0837602470475487
2023-10-31,0.006382560329331,0.0003214762763699,0.006061084052961,0.0064748526,0.9319437540069108,1.0907774349009212
2023-11-01,-0.0019464645332009,0.0003420912279114,-0.0022885557611124,0.010506034,0.9298109487596457,1.1022371797184232
2023-11-02,0.0248179549604517,0.0003198051619779,0.0244981497984738,0.018858552,0.9525895966666204,1.1230237768884763
2023-11-03,0.0151620264740818,0.0003516221535632,0.0148104043205186,0.009393811,0.9666978337447728,1.1335732499970728
2023-11-06,-0.003459693234411,0.0003299201441361,-0.0037896133785472,0.0017529726,0.963034422701001,1.1355603728444106
2023-11-07,0.0027882506516706,0.0003332798394159,0.0024549708122547,0.0028401613,0.9653986440999286,1.1387855474691768
2023-11-08,-0.0005218439108504,0.0003303482762029,-0.0008521921870533,0.0010049343,0.9645759389180348,1.139929952126173
2023-11-09,-0.002288442802855,0.0003362519332915,-0.0026246947361465,-0.00808382,0.962044221528543,1.1307149635805764
2023-11-10,0.0136823230652576,0.0003322833255841,0.0133500397396735,0.015616417,0.9748875501172722,1.1483726799599905
2023-11-13,0.000718312794538,0.0003284048268276,0.0003899079677104,-0.00083583593,0.9752676665406844,1.1474128288130494
2023-11-14,0.0333259241644432,0.0003404490775843,0.0329854750868589,0.019075036,1.0074373338583813,1.1692997698295202
2023-11-15,0.0028925517241676,0.0003410369399254,0.0025515147842421,0.0015970469,1.0100078251099185,1.171167196402097
2023-11-16,-0.0112137625607972,0.000327746694113,-0.0115415092549102,0.001190424,0.9983508104488804,1.1725613819407068
2023-11-17,0.0016975479134468,0.0003407847521334,0.0013567631613134,0.0012820959,0.9997053360505648,1.1740647180809913
2023-11-20,0.0073518631843152,0.0003379175313022,0.007013945653013,0.0073902607,1.0067172149466506,1.182741362426282
2023-11-21,-0.0013152813771972,0.0003345658261281,-0.0016498472033253,-0.002020955,1.005056285365031,1.1803510953561798
2023-11-22,0.0035455335858507,0.00033615166956,0.0032093819162906,0.004061222,1.008281894832136,1.1851447631923644
2023-11-24,0.0061421044063718,0.0003180593876997,0.005824045018672,0.0005967617,1.0141541739791504,1.1858520121959932
2023-11-27,0.0008122464609975,0.000325822191377,0.0004864242696204,-0.0019541383,1.0146474831825107,1.183534693360829
2023-11-28,-0.003495441560458,0.0003397396413984,-0.0038351812018564,0.0009801388,1.0107561262284983,1.184694721634938
2023-11-29,-0.0009038713421904,0.0003289051631647,-0.0012327765053552,-0.00094634295,1.00951008982344,1.1835735941372165
2023-11-30,0.0119340172456579,0.0003461620390099,0.0115878552066479,0.0037841797,1.0212081465739642,1.1880524493056066
2023-12-01,0.0127360689724549,0.0003376042794441,0.0123984646930107,0.00587368,1.0338695597234766,1.195030689216044
2023-12-04,0.0014511504191519,0.0003399984800552,0.0011111519390967,-0.005408466,1.0350183458895363,1.1885674063644625
2023-12-05,-0.0084999031043841,0.0003159216024712,-0.0088158247068553,-0.00056898594,1.0258938055837947,1.1878911282214988
2023-12-06,-0.0038250230979204,0.0003358740826261,-0.0041608971805466,-0.0039061308,1.021625166940601,1.183251070098506
2023-12-07,0.0053739502400806,0.0003287420336572,0.0050452082064234,0.007968187,1.0267794786167384,1.1926794358930008
2023-12-08,-0.0002044023565194,0.0003300074163878,-0.0005344097729073,0.0040955544,1.0262307576287448,1.197564119404462
2023-12-11,0.0095627230103487,0.0003221890321455,0.0092405339782032,0.00392437,1.0357136778140903,1.2022638041077292
2023-12-12,0.0004392464331007,0.0003304475135762,0.0001087989195245,0.004599452,1.0358263623431734,1.20779355876606
2023-12-13,0.0242472066349749,0.000337522014678,0.0239096846202969,0.013650656,1.060592643988188,1.2242807331557912
2023-12-14,0.0267370939867644,0.0003486809307392,0.0263884130560252,0.0026470423,1.0885800007619304,1.2275214560435297
2023-12-15,-0.0071967265417445,0.0003373297575021,-0.0075340562992466,-7.6293945e-05,1.0803785777499562,1.227427803589076
2023-12-18,0.0037834165592996,0.0003320768468166,0.003451339712483,0.0045284033,1.0841073312398606,1.2329860917053603
2023-12-19,0.0119466747823652,0.0003462748705102,0.0116003999118549,0.0058664083,1.0966834098296168,1.2402192915475252
2023-12-20,-0.0153377168284419,0.0003188952662901,-0.015656612094732,-0.01468426,1.0795130630911862,1.2220075890134254
2023-12-21,0.0088647624235372,0.0003241629878827,0.0085405994356545,0.010301471,1.0887327517486047,1.234596064753427
2023-12-22,0.0037325593554907,0.0003364553215348,0.0033961040339559,0.0016601086,1.092430201438718,1.2366456282980505
2023-12-26,0.0061326284923217,0.0003348022418371,0.0057978262504845,0.004231572,1.0987639219374414,1.2418785833126789
2023-12-27,0.0010076030871102,0.0003352804663559,0.0006723226207543,0.0014305115,1.0995026457770287,1.2436551049077114
2023-12-28,0.0015988789246875,0.000334629884707,0.0012642490399804,0.00037026405,1.1008926909414083,1.2441155856836577
2023-12-29,8.832434068677898e-05,0.0003344831482814,-0.0002461588075947,-0.0028265119,1.1006216965093167,1.2405990781757472
2024-01-02,0.007267320529852,0.0003311015178867,0.0069362190119652,-0.0056605935,1.108255849645626,1.2335765510977195
2024-01-03,-0.0089429900251265,0.0003234035324229,-0.0092663935575495,-0.008016229,1.0979863147803532,1.22368791897509
2024-01-04,-0.0028056952797883,0.000324660748483,-0.0031303560282713,-0.0034284592,1.0945492267009211,1.2194925548713509
2024-01-05,-0.0004824965000047,0.0003345140124914,-0.0008170105124962,0.0018256903,1.0936549684762618,1.2217189705997018
2024-01-08,0.0105222510391512,0.0003384612542664,0.0101837897848847,0.014114618,1.1047925207724187,1.2389630671730698
2024-01-09,-0.0011072231865724,0.0003330298784029,-0.0014402530649753,-0.0014778972,1.1032013399582143,1.2371320071251912
2024-01-10,0.0022492729110575,0.0003365151907842,0.0019127577202733,0.0056658983,1.1053114968382354,1.2441414712612373
2024-01-11,0.0027335489937689,0.000333677226264,0.0023998717675049,-0.0006710291,1.107964102693796,1.243306616129504
2024-01-12,0.0029125120587626,0.0003330854003108,0.0025794266584518,0.0007510185,1.110822014836892,1.2442403623993896
2024-01-16,-0.0044687935510975,0.0003243172867962,-0.0047931108378937,-0.00373137,1.1054977217986066,1.2395976412383434
2024-01-17,-0.0017103611435238,0.0003316677836863,-0.0020420289272101,-0.005616963,1.1032402634717289,1.2326348671526204
2024-01-18,0.0008411364851711,0.0003218648510469,0.0005192716341241,0.008805275,1.1038131448461734,1.2434885561324878
2024-01-19,0.0015772381793935,0.0003322180907574,0.001245020088636,0.012313485,1.1051874143856075,1.2588002338160968
2024-01-22,-0.0055405274618449,0.0003173617904942,-0.0058578892523392,0.0021944046,1.0987133489090577,1.261562550839664
2024-01-23,0.0042359664125065,0.0003342701188586,0.0039016962936478,0.0029213428,1.1030001947102774,1.2652480075143089
2024-01-24,-0.0021445970057562,0.0003231773505592,-0.0024677743563154,0.0008119345,1.1002782391147603,1.266275306022666
2024-01-25,0.0130968917325215,0.0003533836612392,0.0127435080712822,0.0052603483,1.1142996437355757,1.2729363551760342
2024-01-26,0.0004376010885401,0.0003328429062509,0.0001047581822891,-0.0006517768,1.114416375740779,1.272106684791854
2024-01-29,0.0079533547434805,0.0003320415840335,0.007621313159447,0.007556796,1.1229096919303154,1.2817197354990624
2024-01-30,0.006595455306193,0.0003355669752794,0.0062598883309135,-0.000600636,1.1299389812074996,1.2809498884840111
2024-01-31,-0.0039589203524613,0.0003251159359118,-0.0042840362883732,-0.016105711,1.1250982816083592,1.2603192797746054
2024-02-01,0.0173383504155792,0.0003434818663023,0.0169948685492768,0.01249373,1.1442191790093106,1.276065368569904
2024-02-02,0.0049704273520807,0.000330051486665,0.0046403758654157,0.01068449,1.149528786072331,1.2896994762397354
2024-02-05,-0.0052189410213818,0.0003267737402522,-0.005545714761634,-0.003186345,1.1431538273144866,1.2855900487621161
2024-02-06,-0.0007513115213077,0.0003381279025185,-0.0010894394238263,0.0023103952,1.1419084304675122,1.288560269839944
2024-02-07,0.0046943676720311,0.0003327471614999,0.0043616205105312,0.008241534,1.146889001698988,1.2991799831148791
2024-02-08,-9.9591217865651e-05,0.0003338360575498,-0.0004334272754155,0.00057053566,1.1463919087237775,1.2999212116240044
2024-02-09,0.0022445655519596,0.0003318492588013,0.0019127162931582,0.0057423115,1.1485846312059382,1.307385764146607
2024-02-12,0.001749338978123,0.0003328998381408,0.0014164391399822,-0.00094890594,1.1502115314331605,1.3061451780291369
2024-02-13,-0.0124013636875853,0.0003242869453379,-0.0127256506329232,-0.013674259,1.1355743413301824,1.2882846105731653
2024-02-14,0.0079440751730307,0.0003300701728775,0.0076140050001531,0.009579778,1.144220610043116,1.3006260911432728
2024-02-15,0.0074630505793171,0.0003239251918148,0.0071391253875023,0.005821228,1.1523893444491784,1.3081973321625666
2024-02-16,-0.0032066746530476,0.0003333747149035,-0.0035400493679511,-0.0048034787,1.1483098292787275,1.301913434142127
2024-02-20,0.0007998423757696,0.0003369270317809,0.0004629153439887,-0.006005287,1.1488413995183535,1.294095070320948
2024-02-21,0.0046122248738412,0.0003303421334856,0.0042818827403556,0.0012642145,1.1537606036783574,1.2957310840732261
2024-02-22,0.011014474346548,0.0003346849084773,0.0106797894380707,0.021122932,1.1660825239875838,1.323100723652391
2024-02-23,0.0031649452189694,0.0003325026554653,0.0028324425635041,0.0003478527,1.1693853857610843,1.3235609678114855
2024-02-26,-0.0020551062497471,0.0003288397987024,-0.0023839460484496,-0.0037867427,1.166597634091585,1.3185489829786203
2024-02-27,0.0024584084209688,0.0003279103984105,0.0021304980225582,0.0017063618,1.169083068044138,1.3207989045946038
2024-02-28,0.0029154165099298,0.0003321762745506,0.0025832402353791,-0.0016582012,1.1721030904640102,1.3186087542660463
2024-02-29,0.0052322130408328,0.0003348052130194,0.0048974078278134,0.0052291155,1.177843357314253,1.3255039117414145
2024-03-01,0.0066289764763496,0.0003298152468881,0.0062991612294615,0.008007884,1.185262782525026,1.336118393308186
2024-03-04,0.0021424611949872,0.0003276105648692,0.001814850630118,-0.0011933446,1.187413857432747,1.334523943638571
2024-03-05,-0.0009781581040542,0.0003314790514287,-0.001309637155483,-0.01019299,1.1858587761261177,1.3209211544263024
2024-03-06,0.0056073521394922,0.0003300129212174,0.0052773392182747,0.00514102,1.192116955152703,1.327712036499631
2024-03-07,0.0082397389263618,0.0003325782544927,0.007907160671869,0.010304093,1.2015432154567551,1.3413929048009428
2024-03-08,0.0009610264933916,0.0003350469197227,0.0006259795736689,-0.006528437,1.2022953569665116,1.3326357057297027
2024-03-11,0.0026761213753771,0.0003289590810487,0.0023471622943283,-0.0011222959,1.2051173392950294,1.3311400941409686
2024-03-12,-0.0004444639055945,0.0003343491376396,-0.0007788130432341,0.0112018585,1.2041787781925588,1.3460513371192124
2024-03-13,0.001925302903742,0.000328062373743,0.0015972405299989,-0.0019245744,1.2061021413424524,1.343460761174707
2024-03-14,-0.0088693379821211,0.0003295861717388,-0.0091989241538599,-0.0028710365,1.1950072992224352,1.3396036362930566
2024-03-15,-0.0005119849228102,0.0003254823761511,-0.0008374672989613,-0.006482899,1.1940065196873162,1.330919121218936
2024-03-18,0.0008568204420453,0.0003335763305013,0.000523244111544,0.0063180923,1.1946312765678877,1.339327991070632
2024-03-19,0.0079918554239906,0.0003342401835657,0.0076576152404249,0.00564909,1.2037793032380222,1.346893975431709
2024-03-20,0.0084103632533443,0.0003367377262559,0.0080736255270884,0.008904219,1.2134981665496254,1.3588870143587335
2024-03-21,0.0057924633776002,0.0003271314969536,0.0054653318806465,0.0032365322,1.2201303367663752,1.3632850959368674
2024-03-22,-0.0045062698430205,0.0003352837432683,-0.0048415535862888,-0.0014021993,1.2142230103586642,1.3613734985296444
2024-03-25,0.0034902950408662,0.0003303322976385,0.0031599627432277,-0.0030549169,1.218059909833367,1.357214615621774
2024-03-26,-0.0004303847883094,0.0003248740590153,-0.0007552588473248,-0.002799809,1.217139959309894,1.3534146739260247
2024-03-27,0.0131833777404975,0.0003436360858742,0.0128397416546232,0.008630633,1.2327677219449518,1.365095499273495
2024-03-28,0.0033564158856002,0.0003346447443163,0.0030217711412838,0.0011165142,1.2364928638710313,1.3666196477827899
2024-04-01,-0.004611604837288,0.000325993442293,-0.0049375982795811,-0.0020136237,1.2303875588336677,1.3638677900711287
2024-04-02,-0.0072784570356627,0.0003268008824924,-0.0076052579181551,-0.0072390437,1.2210301441094482,1.3539946915377814
2024-04-03,0.0010280816532296,0.0003286712993439,0.0006994103538856,0.0010911226,1.221884145234645,1.3554720657459984
2024-04-04,-0.007992651876842,0.000321029141384,-0.008313681018226,-0.012334347,1.2117257902099363,1.3387532029382805
2024-04-05,0.0102362673399122,0.0003341822037831,0.009902085136129,0.011099219,1.2237244021462383,1.353612317924644
2024-04-08,-0.0010275204452802,0.0003363157653434,-0.0013638362106236,-0.0003745556,1.2220554424947676,1.3531053148507364
2024-04-09,0.0017651570573649,0.0003337138395485,0.0014314432178163,0.0014454126,1.2238047454697225,1.3550611103219488
2024-04-10,-0.0139948828898963,0.0003160788186359,-0.0143109617085323,-0.009456992,1.206290922618585,1.342246308242123
2024-04-11,-0.0002671387603078,0.0003327653831049,-0.0005999041434128,0.0074448586,1.2055672636959447,1.3522391422133575
2024-04-12,-0.0114441042340742,0.0003280950906725,-0.0117721993247468,-0.0145507455,1.1913750855683265,1.3325630545998726
2024-04-15,-0.0067849986161024,0.0003232826713029,-0.0071082812874054,-0.012021363,1.1829064563413,1.3165438304001387
2024-04-16,-0.0005490986822669,0.0003342544734415,-0.0008833531557085,-0.0020564795,1.181861532190183,1.3138363850020693
2024-04-17,-0.0053830722287128,0.0003246037733016,-0.0057076760020145,-0.0057805777,1.1751158494851972,1.3062416516934778
2024-04-18,-0.0015740089056805,0.0003371092301278,-0.0019111181358083,-0.0022081733,1.17287006427357,1.3033572437548604
2024-04-19,-0.0064604297069729,0.0003314116904662,-0.0067918413974392,-0.0087586045,1.1649041168172196,1.2919416531346015
2024-04-22,0.0051805769896988,0.0003235252959294,0.0048570516937694,0.008731246,1.1705621163308857,1.3032219135257663
2024-04-23,0.0241252235136423,0.0003342093773822,0.0237910141362601,0.01196456,1.1984109761878845,1.3188143903034601
2024-04-24,-0.0006717928384505,0.0003283815535362,-0.0010001743919868,0.00021290779,1.1972123562184251,1.3190951761607197
2024-04-25,-0.002188789796447,0.0003229612941606,-0.0025117510906076,-0.004576385,1.1942052567770045,1.3130584887829655
2024-04-26,0.0079209955082871,0.0003248519111276,0.0075961435971594,0.010209084,1.2032766113919653,1.326463613191864
2024-04-29,0.0089380310269505,0.0003360635344676,0.0086019674924828,0.0031784773,1.213627157687624,1.3306797476756704
2024-04-30,-0.0144265190989532,0.0003341049568386,-0.0147606240557919,-0.01573044,1.1957132634690977,1.309747569745643
2024-05-01,-0.0049838930857312,0.0003393942812795,-0.0053232873670107,-0.003435433,1.1893481381591051,1.305248019722869
2024-05-02,0.0039073851983404,0.0003371916080661,0.0035701935902742,0.009128451,1.1935943412585654,1.3171629123137563
2024-05-03,0.0078097277860477,0.0003355729076972,0.0074741548783504,0.012556791,1.2025154502270543,1.3337022517166313
2024-05-06,0.0089852406527564,0.0003163822198989,0.0086688584328574,0.010326028,1.212939886428397,1.3474740985115201
2024-05-07,-0.0006630149776527,0.0003339330884214,-0.0009969480660742,0.0013434887,1.2117306483543575,1.349284414736413
2024-05-08,-0.0032006620535025,0.0003374534798092,-0.0035381155333117,-5.90086e-06,1.2074434053252252,1.3492764527979815
2024-05-09,0.0099773250587089,0.0003302395075029,0.009647085551206,0.005090952,1.2190917151546372,1.3561455544539063
2024-05-10,0.0042258765485321,0.000337403326086,0.0038884732224461,0.0016493797,1.223832120644722,1.3583823534016677
2024-05-13,-0.0010968083130882,0.0003306831851445,-0.0014274914982328,-0.0002412796,1.2220851106972377,1.3580546034507919
2024-05-14,0.0020714942917769,0.0003301583816698,0.0017413359101071,0.0048377514,1.2242131713857016,1.3646245340099123
2024-05-15,0.0047297991393119,0.0003375946900541,0.0043922044492577,0.011715889,1.2295901659239017,1.380612323577049
2024-05-16,-0.0011724507827027,0.0003316556416016,-0.0015041064243044,-0.0020816326,1.227740731456074,1.3777383959563294
2024-05-17,0.0064311142496959,0.0003315582429644,0.0060995560067314,0.001164794,1.2352294048093355,1.3793431773735088
2024-05-20,-0.0030281059052094,0.000331067151009,-0.0033591730562184,0.000916481,1.2310800554744514,1.3806073191880512
2024-05-21,-0.0002216165103233,0.000328035388944,-0.0005496518992673,0.0025018454,1.2304033899838098,1.3840613852587684
2024-05-22,-0.0038010509346797,0.0003259323998293,-0.004126983334509,-0.00270617,1.225325535698623,1.3803158798598227
2024-05-23,-0.0135681089840462,0.0003218327458026,-0.0138899417298489,-0.0073807836,1.2083058354076732,1.3701280670509337
2024-05-24,0.0084112374518006,0.000334325075024,0.0080769123767765,0.0070010424,1.2180652157646088,1.3797203917417873
2024-05-28,-0.0103547692841819,0.0003226741665768,-0.0106774434507587,0.0002487898,1.205059393303946,1.3800636521021048
2024-05-29,-0.0109210090125129,0.0003296448435435,-0.0112506538560565,-0.0073670745,1.1915016871938937,1.3698966203623266
2024-05-30,0.0051717440919122,0.0003361020410217,0.0048356420508905,-0.005975008,1.1972633628561955,1.3617114770964889
2024-05-31,0.0115919356990403,0.0003307666896171,0.0112611690094232,0.008027911,1.2107459479341096,1.372643175642298
2024-06-03,-0.0023995011182864,0.0003268848126933,-0.0027263859309797,0.0011161566,1.2074449872156714,1.3741752603822361
2024-06-04,0.001125959887359,0.0003301421969521,0.0007958176904068,0.0015027523,1.2084058932966906,1.3762403054153787
2024-06-05,0.0048028267463688,0.0003338384637821,0.0044689882825866,0.011847615,1.213806245074442,1.3925454707014224
2024-06-06,0.0021529550174974,0.0003275152291495,0.0018254397883479,-0.00019979477,1.216021975289546,1.3922672473993891
2024-06-07,-0.0025545549169858,0.0003324626863372,-0.0028870176033231,-0.0011152029,1.2125112984408577,1.3907145869275144
2024-06-10,0.0012763283160802,0.000324997982869,0.0009513303332111,0.0025808811,1.2136647972184256,1.39430385592041
2024-06-11,-0.0086866747026258,0.0003248285970919,-0.0090115032997177,0.0027103424,1.2027278528935403,1.3980828967795944
2024-06-12,0.0021514433230046,0.0003355093682029,0.0018159339548016,0.008503675,1.2049119272399953,1.4099717393568667
2024-06-13,-0.0065828837830534,0.0003140190762121,-0.0068969028592656,0.0023446083,1.1966017667238509,1.4132775707997283
2024-06-14,-0.0061407524963916,0.0003305064870956,-0.0064712589834873,-0.0003938675,1.188858246791282,1.4127209266961112
2024-06-17,0.0130210456536455,0.0003330002387158,0.0126880454149296,0.007664323,1.2039425342184835,1.4235484761871695
2024-06-18,0.003430170298942,0.0003258523387444,0.0031043179601976,0.0025212765,1.207679954650504,1.427137635506791
2024-06-20,0.0003733186523218,0.0003324622913473,4.085636097446167e-05,-0.002525866,1.2077292960586727,1.4235328770759441
2024-06-21,0.0020741320925604,0.0003252105413038,0.0017489215512565,-0.0015621781,1.2098415198526336,1.421309065190746
2024-06-24,0.0059621188507153,0.0003344594025523,0.005627659448163,-0.0030651093,1.216650095912612,1.4169525975568555
2024-06-25,-0.0056283615092114,0.0003253932217604,-0.0059537547309718,0.003933549,1.209406459648135,1.4225262500300229
2024-06-26,-0.0018856584545393,0.0003353105576485,-0.0022209690121878,0.0015723705,1.2067204053781169,1.4247629883410455
2024-06-27,0.0014391638975999,0.0003319729957133,0.0011071909018866,0.0009074211,1.2080564752320726,1.4260558483391652
2024-06-28,-0.00352370805465,0.0003347154312339,-0.0038584234858839,-0.004083693,1.203395281755763,1.4202322740536935
2024-07-01,-0.0069324539712968,0.0003258181839492,-0.0072582721552461,0.0026756525,1.1946607112904406,1.424032322088346
2024-07-02,-0.0004369054183282,0.0003347661997013,-0.0007716716180296,0.006195307,1.1937388255263628,1.4328546395016062
2024-07-03,0.0054694915604324,0.000328554977038,0.0051409365833944,0.0050843954,1.1998757611255295,1.4401398390395568
2024-07-05,-0.0040087946367075,0.0003324200875734,-0.0043412147242809,0.005448818,1.1946668428040237,1.4479868989170328
2024-07-08,0.0018487022862815,0.0003304319012816,0.0015182703849999,0.0010166168,1.196480670091394,1.449458946724652
2024-07-09,-8.895054450841827e-05,0.0003273884983528,-0.0004163390428612,0.00074112415,1.195982528474406,1.450533175754503
2024-07-10,0.0090148749401351,0.0003256581594906,0.0086892167806444,0.010208011,1.2063746799301835,1.46534023436847
2024-07-11,0.0024648709776755,0.0003265190635442,0.0021383519141312,-0.008763015,1.2089543335361717,1.4524994359145957
2024-07-12,0.0087586802423063,0.000328399159022,0.0084302810832843,0.005517006,1.2191461583847365,1.4605128840175332
2024-07-15,0.0004526780397827,0.0003308590978342,0.0001218189419485,0.0028262138,1.2192946734798311,1.4646406056854213
2024-07-16,0.0126460890969876,0.0003378394051682,0.0123082496918193,0.0063893795,1.2343020567689265,1.4739987503462555
2024-07-17,-0.0075457421171582,0.0003230843611712,-0.0078688264783294,-0.013927579,1.2245895480623668,1.4534695163049067
2024-07-18,-0.0035361588692529,0.0003285223481081,-0.003864681217361,-0.007816374,1.2198568998369934,1.4421086549678686
2024-07-19,-0.0067680409427498,0.0003359374373825,-0.0071039783801324,-0.007140279,1.211191062793696,1.4318115968230831
2024-07-22,0.0133171329194892,0.0003257194075667,0.0129914135119224,0.010792136,1.2269261467323938,1.447263902302375
2024-07-23,-0.0006998385409282,0.0003404747512317,-0.0010403132921599,-0.001558125,1.2256497591534494,1.4450088842346003
2024-07-24,-0.0172139287069538,0.0003271780993505,-0.0175411068063043,-0.023149073,1.2041505058210176,1.411558268087805
2024-07-25,-0.0065474856146035,0.000324873136087,-0.0068723587506906,-0.005142629,1.19587515155519,1.4042991476031468
2024-07-26,0.0028866417578145,0.0003555467724654,0.002531094985349,0.011090517,1.1989020251543947,1.419873551172725
2024-07-29,0.005123218166556,0.000340235518053,0.0047829826485029,0.000813365,1.204636352737963,1.4210284266236746
2024-07-30,-0.0169027056736741,0.0003470892825187,-0.0172497949561928,-0.0049601793,1.1838566226564573,1.4139798708372242
2024-07-31,0.0332917996354651,0.0003316688898961,0.0329601307455689,0.015793324,1.222876691723222,1.4363113130668348
2024-08-01,-0.0253898730231069,0.00033034837734,-0.025720221400447,-0.0136935115,1.1914240324666543,1.416643167583774
2024-08-02,-0.0184780282951439,0.0003455167132276,-0.0188235450083715,-0.018381894,1.1689972085674627,1.3906025830414248
2024-08-05,-0.0211295732161135,0.0003191269724426,-0.0214487001885562,-0.029968798,1.14392373791964,1.348927895131978
2024-08-06,0.0108999194496107,0.0003384489089516,0.010561470540659,0.010354161,1.156005254778439,1.3628949117355658
2024-08-07,-0.0135801522474672,0.0003411841735921,-0.0139213364210594,-0.0077346563,1.1399121167221558,1.3523533880202723
2024-08-08,0.0403760615548854,0.0003363085798324,0.0400397529750529,0.023042679,1.1855539162889803,1.3835152330349858
2024-08-09,0.0003281460328544,0.0003424173763502,-1.427134349578661e-05,0.004671693,1.1855369968418084,1.3899785914645486
2024-08-12,0.0027131259791403,0.000338662653368,0.0023744633257722,4.3034554e-05,1.1883520109621557,1.3900384085733017
2024-08-13,0.0178457807124731,0.0003326497312361,0.017513130981237,0.01684761,1.2091637753819522,1.4134572335659652
2024-08-14,0.0008872208225408,0.0003334297771567,0.0005537910453841,0.0038237572,1.2098333994531616,1.4188619508397051
2024-08-15,0.0125467035206478,0.0003404570616603,0.0122062464589874,0.01613319,1.2246009241012017,1.4417527202763727
2024-08-16,0.0041515025331798,0.0003352887144617,0.003816213818718,0.0019897223,1.2292742630701714,1.4446214078149924
2024-08-19,0.009150557659163,0.0003367164199998,0.0088138412391631,0.009722352,1.2401088912642613,1.4586665256485054
2024-08-20,-0.0050021025801695,0.0003244352211609,-0.0053265378013304,-0.0019845963,1.2335034043771762,1.4557716614587695
2024-08-21,0.004729466359442,0.0003251007332536,0.0044043656261884,0.0042396784,1.2389362043712016,1.4619436651271884
2024-08-22,-0.0048199314667938,0.000328760970397,-0.0051486924371909,-0.008932769,1.2325573029055934,1.448884460075594
2024-08-23,0.0174733925315072,0.0003419305450763,0.0171314619864309,0.011483431,1.2536728114864184,1.4655226247998443
2024-08-26,-0.0007442263085927,0.0003255596422921,-0.0010697859508848,-0.003153801,1.2523316499256838,1.460900658080228
2024-08-27,0.0042615487736985,0.0003280467515686,0.0039335020221299,0.0015952587,1.257257699003044,1.4632311725648663
2024-08-28,-0.0019498779762033,0.0003270922924024,-0.0022769702686057,-0.0059760213,1.2543949606024385,1.4544868719107948
2024-08-29,0.002306740528456,0.0003296091527347,0.0019771313757212,-3.9339066e-05,1.256875064236592,1.4544296537557446
2024-08-30,0.0046456761474178,0.0003356977607914,0.0043099783866263,0.010092974,1.2622921685981412,1.4691091744359304
2024-09-03,-0.0083025540791128,0.0003259494885255,-0.0086285035676383,-0.021151066,1.2514004761179902,1.4380359493262305
2024-09-04,-0.0039356991124852,0.0003269417631387,-0.0042626408756239,-0.0016025305,1.2460662052967144,1.4357314528573386
2024-09-05,-0.0074171230717252,0.000321979704117,-0.0077391027758422,-0.003017962,1.2364227708684197,1.4313984698904103
2024-09-06,-0.01150891837946,0.0003253938619777,-0.0118343122414378,-0.017260313,1.2217905577355388,1.4066920842723807
2024-09-09,0.0077284334992051,0.0003278913415728,0.0074005421576323,0.01158011,1.230832470265858,1.422981733344384
2024-09-10,0.0066561248258918,0.0003301317510138,0.006325993074878,0.0044726133,1.238618707949095,1.429346180370597
2024-09-11,-0.0029038927398099,0.0003248916438886,-0.0032287843836986,0.010665059,1.2346194752075117,1.444590241715674
2024-09-12,0.0025765068924412,0.0003264799557145,0.0022500269367267,0.007495284,1.237397402283336,1.4554178558409616
2024-09-13,0.0133160138411067,0.0003387127157531,0.0129773011253535,0.005407691,1.253455480984497,1.463288305881232
2024-09-16,0.0047491493816596,0.000324543954569,0.0044246054270906,0.0012567043,1.2590015269082775,1.4651272265873727
2024-09-17,-0.0007585884773847,0.0003366952043827,-0.0010952836817674,0.0002645254,1.2576225630805349,1.4655147899530365
2024-09-18,-0.0058974687643292,0.0003296847471615,-0.0062271535114908,-0.0028963685,1.2497911543207176,1.4612701190791324
2024-09-19,0.0113270848344195,0.0003306054253949,0.0109964794090245,0.016976833,1.2635344570147864,1.486077857858629
2024-09-20,-0.0110048228006601,0.000330264810127,-0.0113350876107871,-0.0019410253,1.2492121832452754,1.4831933431387556
2024-09-23,0.0046064732599343,0.0003360677030892,0.0042704055568451,0.0028092861,1.254546825894285,1.4873600575812478
2024-09-24,0.0038121720863047,0.0003303702174486,0.0034818018688561,0.0025111437,1.258914909377251,1.4910950324194747
2024-09-25,-0.0079351040967857,0.0003338261609283,-0.008268930257714,-0.0018612146,1.248505029791214,1.4883197845751481
2024-09-26,0.004748731046557,0.0003322594064518,0.0044164716401052,0.0040386915,1.2540190168478154,1.4943306490383934
2024-09-27,0.0027386274005242,0.0003307058464515,0.0024079215540726,-0.0012531877,1.2570385962677002,1.4924579722492854
2024-09-30,0.0049425663199267,0.0003336335940028,0.0046089327259239,0.0042364597,1.262832202591788,1.4987807103026631
2024-10-01,0.0005529035675164,0.0003262259275449,0.0002266776399714,-0.009324074,1.2631184584151516,1.4848059680500285
2024-10-02,-0.0037301778915397,0.0003354956011392,-0.0040656734926789,0.00013828278,1.2579830311806597,1.4850112911470512
2024-10-03,-0.0080965541255058,0.0003312543900674,-0.0084278085155733,-0.0016813874,1.2473809910780285,1.4825144118732587
2024-10-04,0.0012511979351003,0.0003301308606944,0.0009210670744059,0.008970261,1.2485299126381504,1.4958129530840234
2024-10-07,-0.0027606370522288,0.0003297239942905,-0.0030903610465194,-0.009586036,1.244671504430719,1.4814740362664938
2024-10-08,0.0029191034543726,0.0003270748388476,0.002592028615525,0.009689331,1.247897728587132,1.4958285285717856
2024-10-09,0.0100507434093157,0.0003397626262796,0.0097109807830361,0.0071133375,1.2600160394486362,1.5064688617376452
2024-10-10,-0.0047592509919222,0.0003335886548223,-0.0050928396467446,-0.0020700693,1.253598979807398,1.5033503667955561
2024-10-11,0.0121519003427201,0.0003331019012874,0.0118187984414326,0.006051779,1.2684150134761272,1.5124483109749718
2024-10-14,0.0057560262062133,0.000337112956534,0.0054189132496792,0.007707596,1.2752884443987451,1.5241056515268492
2024-10-15,-0.00165339706718,0.0003177871720825,-0.0019711842392626,-0.007609427,1.2727746159166324,1.512508080831268
2024-10-16,0.0025651607104714,0.0003376223357263,0.002227538374745,0.004679203,1.275609770215988,1.5195854131806181
2024-10-17,-0.0060593732941,0.0003282285757897,-0.0063876018698898,-0.00017118454,1.2674616828625067,1.519325283650672
2024-10-18,0.0042955677485065,0.0003394693102992,0.0039560984382072,0.0039715767,1.2724758860465666,1.52535940054694
2024-10-21,-0.0097768107290704,0.0003268230884323,-0.0101036338175027,-0.00182271,1.2596192556523498,1.522579112713969
2024-10-22,-0.0033471988430694,0.0003333169386231,-0.0036805157816926,-0.0004749298,1.2549832071029974,1.5218559945204835
2024-10-23,-0.0017318825988104,0.0003236033684036,-0.002055485967214,-0.009191275,1.252403606731708,1.5078681975644472
2024-10-24,-0.0037489596219418,0.0003223762387734,-0.0040713358607153,0.0021457672,1.247304651015532,1.5111037316847042
2024-10-25,-0.009893706866851,0.0003329414461195,-0.0102266483129706,-0.00029939413,1.2345489050104634,1.5106513160976167
2024-10-28,0.0072845839673996,0.0003291041453102,0.0069554798220893,0.002651453,1.2431357850086464,1.5146567370616375
2024-10-29,0.0004745323407934,0.0003290183534498,0.0001455139873436,0.0016140938,1.2433166786535326,1.517101535110057
2024-10-30,0.0128789436699942,0.0003324883050434,0.0125464553649507,-0.0033003092,1.258915895866758,1.5120946309563992
2024-10-31,-0.0072069756956,0.0003165035626657,-0.0075234792582657,-0.01861465,1.2494444682363033,1.4839475186342668
2024-11-01,0.0001845621400154,0.0003119132080277,-0.0001273510680122,0.004092455,1.2492853501488512,1.4900205070766392
2024-11-04,0.0029492861661784,0.0003185922008452,0.0026306939653331,-0.002812028,1.2525718375804669,1.4858305276901655
2024-11-05,0.0139531287055351,0.0003366848477737,0.0136164438577613,0.012265563,1.2696274116846942,1.5040550756348725
2024-11-06,0.0362307076086138,0.0003837517794872,0.0358469558291266,0.025295973,1.315139689430804,1.542101612218645
2024-11-07,0.0039812675195626,0.00033354691408,0.0036477206054825,0.0074312687,1.3199369515750288,1.553561383661745
2024-11-08,0.0036904696951492,0.0003573470091994,0.0033331226859498,0.0037567616,1.3243364633723471,1.5593977434111284
2024-11-11,-0.0014245475021404,0.0003212584298401,-0.0017458059319805,0.0009691715,1.3220244289186536,1.5609090672612067
2024-11-12,-0.0093379170066474,0.0003243561112718,-0.0096622731179193,-0.0028927326,1.30925066781788,1.5563937747167047
2024-11-13,0.0010470769845164,0.0003075070954301,0.0007395698890862,0.0002322197,1.3102189501890642,1.5567552000121512
2024-11-14,-0.0109979103598781,0.0003289807698903,-0.0113268911297684,-0.0060496926,1.2953782427841132,1.5473373095986263
2024-11-15,-0.0077021092095653,0.000321875914089,-0.0080239851236543,-0.013203502,1.2849841470345078,1.5269070383366663
2024-11-18,0.0036927339150673,0.0003205274162317,0.0033722064988355,0.0039178133,1.289317378926038,1.5328891750393252
2024-11-19,-0.0008084527925098,0.0003347133383581,-0.001143166130868,0.0039635897,1.2878434749665104,1.5389649187847527
2024-11-20,-0.0008022618832158,0.0003338529805831,-0.001136114863799,2.193451e-05,1.2863803368523543,1.5389986752261535
2024-11-21,0.0112908431855643,0.0003232520321858,0.0109675911533784,0.005340457,1.3004888304546962,1.5472176314742556
2024-11-22,0.0081693090582668,0.0003310296405431,0.0078382794177237,0.0034679174,1.310682425287429,1.5525832544200322
2024-11-25,0.009493782965803,0.0003259999400831,0.0091677830257199,0.003020525,1.3226984773780883,1.557272870954589
2024-11-26,-0.0060778201594633,0.0003365488473687,-0.006414369006832,0.0057219267,1.3142142012594105,1.5661834721740897
2024-11-27,0.004669468650257,0.0003254180806994,0.0043440505695575,-0.0038012266,1.319923214208912,1.5602300538991811
2024-11-29,0.0015316164374816,0.0003345790938811,0.0011970373436005,0.005607724,1.3215032115870056,1.568979393417953
2024-12-02,-0.0056552433981063,0.00032683910143,-0.0059820824995364,0.0024484396,1.3135978703518898,1.5728209446963815
2024-12-03,-0.0040326147096418,0.0003270024941092,-0.0043596172037511,0.00045144558,1.307871086477493,1.5735309877599961
2024-12-04,-0.0017312112353988,0.0003303233241731,-0.002061534559572,0.006051421,1.3051748650332546,1.5830530862234777
2024-12-05,-0.0016764487333867,0.0003314594012758,-0.0020079081346626,-0.0018697977,1.302554193804597,1.5800930972038791
2024-12-06,-0.0001048646794676,0.0003346086689706,-0.0004394733484382,0.0024955273,1.3019817559515234,1.584036262664493
2024-12-09,0.0036420450409183,0.0003260587427002,0.0033159862982181,-0.006144285,1.306299109614789,1.5743034924163475
2024-12-10,-0.0077179798743927,0.0003291439601371,-0.0080471238345298,-0.0029639006,1.2957871589147822,1.5696374133505926
2024-12-11,-0.0067838747287472,0.0003212942023639,-0.0071051689311112,0.008165836,1.286580372251928,1.582454815047478
2024-12-12,0.0007196281753789,0.0003254260449257,0.0003942021304531,-0.0054140687,1.2870875449756691,1.573887295964165
2024-12-13,-0.0051141180607143,0.0003255566320016,-0.0054396746927159,-2.6464462e-05,1.280086207429955,1.5738456438836286
2024-12-16,-0.0092493534313731,0.0003297668857119,-0.009579120317085,0.0037994385,1.2678241076327423,1.5798253736160572
2024-12-17,-0.0085357891473061,0.0003187540956739,-0.00885454324298,-0.00386405,1.2565981042472156,1.573720849381136
2024-12-18,-0.0302078580803926,0.0003168134956238,-0.0305246715760164,-0.029492855,1.2182408598120245,1.5273073285598615
2024-12-19,-0.0067456783109122,0.0003311938968772,-0.0070768722077894,-0.0008651018,1.2096195249288273,1.525986052240771
2024-12-20,0.0116405815663868,0.0003304377133275,0.0113101438530592,0.010869026,1.2233004957632414,1.5425720343182134
2024-12-23,0.0025444403507225,0.0003285023397022,0.0022159380110202,0.007287383,1.226011253830703,1.5538133475373794
2024-12-24,0.0060140199520075,0.0003363845995347,0.0056776353524728,0.011042714,1.2329720986679815,1.5709716639436173
2024-12-26,0.0027804734559729,0.0003314326479578,0.0024490408080151,-0.0004056692,1.2359916976527636,1.5703343691254827
2024-12-27,-0.005708354666193,0.0003289732956845,-0.0060373279618776,-0.011055708,1.228529610415876,1.5529732108780672
2024-12-30,-0.012459287928647,0.0003224892013615,-0.0127817771300085,-0.010702074,1.212826818737924,1.5363531766552325
2024-12-31,0.0011023425400701,0.0003321026501179,0.0007702398899521,-0.0042847395,1.21376098633332,1.5297703035132675
2025-01-02,-0.0049594836923726,0.0003289608240241,-0.0052884445163968,-0.0022238493,1.207342078700929,1.5263683248946387
2025-01-03,0.0093153303302469,0.0003256195714103,0.0089897107588365,0.012596011,1.2181957347754229,1.5455944771050631
2025-01-06,0.0111015238043494,0.0003344150303692,0.0107671087739801,0.0055379868,1.231312180759749,1.554153958917424
2025-01-07,-0.0011543672201227,0.0003376457648117,-0.0014920129849345,-0.011103928,1.229475046997547,1.53689674525669
2025-01-08,-0.0026738610547361,0.0003234942842094,-0.0029973553389456,0.0015603304,1.2257898734013286,1.539294811969975
2025-01-10,-0.0132882019095704,0.0003372501697777,-0.0136254520793482,-0.015411675,1.2090879322219483,1.5155717005987077
2025-01-13,0.0080801271024072,0.0003207422723107,0.0077593848300965,0.00157547,1.2184697107814844,1.51795943834585
2025-01-14,0.0035572877710805,0.0003347209206936,0.0032225668503869,0.0011461973,1.2223963108796494,1.5196993193555914
2025-01-15,0.0063216642540341,0.0003328268527172,0.0059888374013169,0.018312931,1.2297170436254772,1.5475294681316976
2025-01-16,0.0071370477760419,0.0003305295144031,0.0068065182616387,-0.0021126866,1.2380871351395624,1.5442600233612707
2025-01-17,0.0012028880283777,0.000337501681587,0.0008653863467907,0.00999105,1.2391585588424494,1.5596888024676743
2025-01-21,0.0160199118068058,0.0003337082850382,0.0156862035217676,0.008768201,1.2585962521921925,1.5733644673851603
2025-01-22,0.003401998939465,0.0003330900796308,0.0030689088598342,0.006137848,1.262458769381499,1.5830215393345715
2025-01-23,0.0026881129780439,0.0003130992338269,0.0023750137442169,0.0053135157,1.2654571263102872,1.5914329491372639
2025-01-24,-0.0015278932308661,0.0003251186081155,-0.0018530118389816,-0.0028551817,1.2631122192735105,1.58688911890411
2025-01-27,0.0034381965822606,0.0003234314101428,0.0031147651721178,-0.014580667,1.26704651722258,1.5637512170954457
2025-01-28,-0.0009973259754854,0.0003289636678659,-0.0013262896433514,0.009217739,1.2653660465491432,1.5781654676755636
2025-01-29,-0.0046052257865334,0.0003362678087964,-0.0049414935953299,-0.0046788454,1.2591132483343728,1.570781475436691
2025-01-30,0.0109216210214371,0.0003293521043707,0.0105922689170664,0.0052753687,1.2724501144577711,1.5790679268667496
2025-01-31,-0.0061692747769688,0.0003243190775589,-0.0064935938545277,-0.0050468445,1.264187340214335,1.5710986165849157
2025-02-03,-0.0041170477285531,0.0003295642624376,-0.0044466119909908,-0.007608533,1.2585659896284795,1.559144860914375
2025-02-04,0.000895581503299,0.0003320270656784,0.0005635544376206,0.0072249174,1.259275260076973,1.570409553749116
2025-02-05,0.0094225263792385,0.0003400056456258,0.0090825207336126,0.003908634,1.2707126537359477,1.5765477099248248
2025-02-06,0.0024997519991713,0.0003430681423076,0.0021566838568636,0.0036443472,1.2734531792029724,1.5822931971571559
2025-02-07,0.0010748752404263,0.0003268112020853,0.000748064038341,-0.0094648,1.2744058037308452,1.5673171085047028
2025-02-10,0.0011593886321036,0.0003191888202151,0.0008401998118884,0.006712556,1.2754765592474095,1.577837812365299
2025-02-11,-0.0043559637331714,0.0003273516296525,-0.0046833153628239,0.00033962727,1.2695031002825643,1.5783736891140154
2025-02-12,-0.0003734927150088,0.0003409092998476,-0.0007144020148564,-0.0027238727,1.2685961647098558,1.5740744001118396
2025-02-13,0.0078525326744964,0.0003353808083673,0.007517151866129,0.010426283,1.2781323947367689,1.5904861452704608
2025-02-14,-0.0008908667915057,0.0003307895098044,-0.0012216563013102,-7.1942806e-05,1.2765709562428298,1.590371721234266
2025-02-18,0.0012158849610094,0.0003268063722787,0.0008890785887306,0.0024449825,1.2777059281470209,1.5942601522611786
2025-02-19,0.0078896949063389,0.000336922692516,0.0075527722138228,0.0023770332,1.2873561499785664,1.5980497615725404
2025-02-20,0.0028707776403637,0.0003400974244057,0.002530680215958,-0.0043342113,1.2906140367182088,1.5911234762379705
2025-02-21,-0.0009952797589628,0.0003205088123388,-0.0013157885713017,-0.017064095,1.2889158615187335,1.5639723940827155
2025-02-24,0.005272053684623,0.0003376087202858,0.0049344449643372,-0.0049690604,1.2952759459010592,1.5562009207925858
2025-02-25,0.0108962930421743,0.0003327326600397,0.0105635603821346,-0.0046797395,1.3089586715671115,1.5489183058736162
2025-02-26,-0.0122217563879697,0.0003300136747442,-0.012551770062714,0.0001360178,1.2925289233000057,1.549128986333961
2025-02-27,-0.0086572325583891,0.0003334338599299,-0.0089906664183191,-0.01586461,1.280908226914586,1.5245526591260774
2025-02-28,0.0078263750942365,0.0003319831961853,0.0074943918980511,0.01585412,1.2905078551525218,1.5487230999301813
2025-03-03,-0.0271716479388182,0.000338488779988,-0.0275101367188063,-0.017596781,1.2550058076205823,1.5214705587110688
2025-03-04,-0.0111190705780937,0.0003396977505512,-0.0114587683286449,-0.012234807,1.240624986819954,1.5028556600690568
2025-03-05,0.018551218423144,0.0003236470324461,0.0182275713906978,0.011159301,1.2632385673362985,1.519626478739321
2025-03-06,-0.0242642191839205,0.0003307569591664,-0.0245949761430869,-0.017818987,1.2321692449096349,1.4925482742698093
2025-03-07,0.0101456626449307,0.0003496576952401,0.0097960049496905,0.005520582,1.2442395809316262,1.5007880094068742
2025-03-10,-0.0397674741391518,0.0003345593640514,-0.0401020335032033,-0.026973069,1.1943430435710944,1.46030715087477
2025-03-11,0.0131801855950152,0.0003434753220176,0.0128367102729976,-0.0075678825,1.2096744791879868,1.44925571794304
2025-03-12,0.0215023430315671,0.0003392998216391,0.021163043209928,0.0048868656,1.2352748724609892,1.4563380358566593
2025-03-13,-0.0269719426517595,0.0003179878584785,-0.0272899305102381,-0.013890982,1.2015643070304856,1.4361080704146592
2025-03-14,0.0346550901029754,0.0003436252514133,0.034311464851562,0.021265864,1.2427917385180536,1.4666481493294
2025-03-17,0.0136769262838286,0.0003415317242281,0.0133353945596005,0.0064160824,1.2593648567066038,1.4760582847073047
2025-03-18,-0.0169123797779895,0.0003246797578593,-0.0172370595358488,-0.010653555,1.2376571096941964,1.4603330165879698
2025-03-19,0.0093168907549285,0.000332769632098,0.0089841211228305,0.0107985735,1.2487763710762214,1.4761025300020718
2025-03-20,-0.0051742486103701,0.0003239793116334,-0.0054982279220035,-0.0021848679,1.241910313964432,1.4728774409671614
2025-03-21,-0.0004504206003597,0.0003432514505686,-0.0007936720509284,0.00082468987,1.2409246444584785,1.4740921080724785
2025-03-24,0.0263013956909907,0.0003410009293463,0.0259603947616444,0.017645955,1.273139538098074,1.5001038710773806
2025-03-25,-0.0041214209519059,0.0003281534906089,-0.0044495744425149,0.0015743971,1.2674746089475974,1.5024656302617037
2025-03-26,-0.015996964280996,0.0003154938416893,-0.0163124581226854,-0.011156976,1.2467989824675727,1.485702657284049
2025-03-27,-0.005209468314571,0.0003291423334195,-0.0055386106479906,-0.0033070445,1.2398934483473738,1.4807893724826424
2025-03-28,-0.0096270791875573,0.0003188746451074,-0.0099459538326647,-0.019737124,1.2275615253526873,1.4515628490200703
2025-03-31,0.005535451011693,0.0003362129731226,0.0051992380385704,0.0055384636,1.2339439099299865,1.4596022770224801
2025-04-01,0.0045099364506912,0.0003480449888835,0.0041618914618077,0.0037811995,1.2390794505530738,1.4651213244225565
2025-04-02,0.0150192010097677,0.0003280425166221,0.0146911584931455,0.0067281723,1.2572829631467486,1.4749789131336755
2025-04-03,-0.0554655556155541,0.0003080336880209,-0.0557735893035751,-0.048395634,1.1871597795218198,1.4035963734959402
2025-04-04,-0.0534642013821311,0.0003185124712588,-0.05378271385339,-0.059749544,1.1233111048015445,1.3197321302195042
2025-04-07,0.0030359095269267,0.0003300576935584,0.0027058518333683,-0.0023314953,1.1263506182139145,1.3166551809606384
2025-04-08,-0.0177819474040292,0.0003192884607225,-0.0181012358647517,-0.01570046,1.1059622800072155,1.2959830889581732
2025-04-09,0.0916047719631493,0.0003622493392451,0.0912425226239042,0.09515381,1.2068730683619586,1.4193008175681123
2025-04-10,-0.0447731470897825,0.0003062539089449,-0.0450794009987275,-0.03460759,1.1524679533587052,1.3701822367870502
2025-04-11,0.0135034743443891,0.0003245446727477,0.0131789296716414,0.018092155,1.16765624746484,1.3949717861932482
2025-04-14,0.0120479392953254,0.0003468441749554,0.0117010951203699,0.007944703,1.1813191042843203,1.406054422727933
2025-04-15,0.0018607886152217,0.0003444383293529,0.0015163502858687,-0.0017277598,1.1831103978458042,1.4036250984197316
2025-04-16,-0.0110494576055438,0.0003235812195475,-0.0113730388250914,-0.022408366,1.1696548373567344,1.3721721534875564
2025-04-17,0.0109732777157589,0.0003409239703633,0.0106323537453956,0.0013269186,1.1820910213475244,1.373992914240421
2025-04-21,-0.0186690478302163,0.0003171435482916,-0.018986191378508,-0.023567498,1.1596476149894042,1.3416113389820457
2025-04-22,0.0227032504585792,0.0003319785894844,0.0223712718690948,0.025117159,1.1855904070566796,1.3753088042994608
2025-04-23,0.0049172491703435,0.0003293331503701,0.0045879160199734,0.016661167,1.1910297962783416,1.3982230539644644
2025-04-24,0.0116042944462471,0.0003345246521476,0.0112697697940994,0.020259142,1.2044524279003117,1.4265498533624041
2025-04-25,0.0069178573988164,0.0003361551982658,0.0065817022005506,0.0073730946,1.212379775095482,1.4370679403828612
2025-04-28,0.0052482175484344,0.0003430969842123,0.0049051205642221,0.00064074993,1.2183266440619498,1.437988741565067
2025-04-29,0.0055130643097189,0.0003424287202158,0.005170635589503,0.0058022738,1.2246261671673764,1.446332345964945
2025-04-30,0.0064911257171047,0.0003298450840054,0.0061612806330992,0.0014801025,1.2321714326539313,1.4484730660860385
2025-05-01,-0.0045785642474489,0.0003259945449539,-0.0049045587924028,0.006299019,1.2261281754201607,1.4575970254503028
2025-05-02,0.0064202709240748,0.0003385484149823,0.0060817225090924,0.014726639,1.2335851467436458,1.4790625306515832
2025-05-05,-0.0012288430858151,0.000332630952191,-0.0015614740380061,-0.006381631,1.2316589355633356,1.4696236993550387
2025-05-06,-0.0019821179421871,0.0003280011212854,-0.0023101190634725,-0.007693231,1.2288136567765944,1.4583175447528258
2025-05-07,0.0038865727074524,0.0003294969789235,0.0035570757285289,0.0043463707,1.2331846400099995,1.4646559334006355
2025-05-08,-0.0035634328133313,0.0003284102156487,-0.0038918430289801,0.0057998896,1.2283852789653311,1.473150776116344
2025-05-09,0.0007486325991721,0.0003273720643633,0.0004212605348088,-0.00071150064,1.2289027492048994,1.4721026283963208
2025-05-12,7.930239630842234e-05,0.000332440299055,-0.0002531379027466,0.0325588,1.228591667340286,1.5200325234537508
2025-05-13,-0.0082613559756432,0.000321480157237,-0.0085828361328802,0.007248163,1.2180468663852824,1.5310499669490452
2025-05-14,-0.0063128348341436,0.0003294460657315,-0.0066422808998751,0.0010244846,1.2099562569495388,1.532618504062015
2025-05-15,0.0129805953184044,0.0003155073921504,0.012665087926254,0.004132271,1.2252804593307258,1.538951699060414
2025-05-16,0.0130122570654092,0.0003386946053236,0.0126735624600855,0.007005334,1.240809127763176,1.5497325697221997
2025-05-19,0.0030815087015943,0.0003302372927266,0.0027512714088677,0.00087606907,1.244222930440253,1.551090242493305
2025-05-20,-0.0002949651678836,0.0003334359072651,-0.0006284010751488,-0.0038802028,1.2434410594130396,1.54507169779133
2025-05-21,-0.018750513420758,0.0003219024620233,-0.0190724158827814,-0.016135156,1.2197256344021878,1.5201417249162819
2025-05-22,-0.0082433979868746,0.000333831387094,-0.0085772293739687,-0.00044482946,1.2092637678626108,1.5194655210936638
2025-05-23,-0.0027333991674747,0.0003302148508987,-0.0030636140183734,-0.0067082644,1.2055590504314757,1.5092725446314836
2025-05-27,0.0136521232753707,0.000337309760111,0.0133148135152597,0.020459056,1.2216108443696043,1.5401508361413616
2025-05-28,-0.0070167678492125,0.0003301652255069,-0.0073469330747194,-0.005571246,1.212635751252669,1.5315702769561124
2025-05-29,0.0041215034115765,0.0003331736178838,0.0037883297936927,0.004011154,1.2172296153980366,1.5377136411988062
2025-05-30,0.0044140771283659,0.0003303345172818,0.0040837426110841,-8.1181526e-05,1.2222004678459113,1.5375888072588626
2025-06-02,-0.0016709484873845,0.0003308021331755,-0.00200175062056,0.0041019917,1.219753927300952,1.5438959837842514
2025-06-03,0.0034840490417148,0.0003237638939524,0.0031602851477623,0.005800247,1.2236086975213258,1.5528509618325081
2025-06-04,-0.0046274374720082,0.0003313182774488,-0.004958755749457,7.367134e-05,1.2175411208574063,1.5529653624436868
2025-06-05,0.0003891778627042,0.0003304307688831,5.874709382103352e-05,-0.0052773356,1.2176126478598643,1.5447698430508958
2025-06-06,0.0060437628934098,0.0003289165083935,0.0057148463850163,0.010280609,1.2245711170988365,1.5606510178022934
2025-06-09,-0.0040676534754081,0.0003170008458008,-0.004384654321209,0.0009200573,1.2192017960586212,1.562086906163975
2025-06-10,0.0099735617739291,0.0003347672291103,0.0096387945448187,0.0054830313,1.2309534316795043,1.5706518775637923
2025-06-11,-0.0088600492333757,0.0003380451807854,-0.0091980944141611,-0.0027438998,1.2196310057954804,1.5663421661910755
2025-06-12,0.0061346746079331,0.0003281119203213,0.0058065626876117,0.0038224459,1.226712869686387,1.5723294243822297
2025-06-13,-0.0128498948506232,0.0003290769666432,-0.0131789718172665,-0.0112963915,1.210546055348912,1.5545677756374385
2025-06-16,0.0036147402505651,0.0003327688738099,0.0032819713767551,0.009392619,1.214519032852811,1.5691692384636784
2025-06-17,-0.00964305612967,0.0003234133148221,-0.0099664694444921,-0.00835216,1.2024145660221293,1.5560632859169514
2025-06-18,0.0015736999761971,0.0003304494015679,0.0012432505746291,-0.0003092289,1.2039094686222789,1.555582106178717
2025-06-20,-0.0006311637571572,0.0003311317081587,-0.000962295465316,-0.002178669,1.2027509519999724,1.5521930076670307
2025-06-23,0.0153265987185858,0.0003324859029993,0.0149941128155864,0.009606481,1.220785135463314,1.567104120303517
2025-06-24,0.0050687278972337,0.0003296962165567,0.004739031680677,0.01112175,1.226570474895574,1.5845330605535026
2025-06-25,-0.015744993748609,0.0003339299070617,-0.0160789236556708,-3.2782555e-06,1.2068485418714283,1.584527866049282
2025-06-26,0.0070222490339231,0.0003308244496698,0.0066914245842533,0.008020163,1.2149240778739772,1.5972360378130397
2025-06-27,0.0063074709956698,0.0003322361173391,0.0059752348783307,0.0052188635,1.2221835345986136,1.6055717946716666
2025-06-30,0.0047857012605888,0.0003286667178874,0.0044570345427013,0.005164385,1.2276308488298404,1.613863585564492
2025-07-01,0.0185658744006081,0.0003364948237314,0.0182293795768767,-0.0011185408,1.2500097975534432,1.612058413298404
2025-07-02,0.0023359743417061,0.0003299843281133,0.0020059900135928,0.004745126,1.2525173047242284,1.6197078335888648
2025-07-03,0.0049657216463944,0.0003361126473569,0.0046296089990375,0.008339047,1.25831597010963,1.6332146533394305
2025-07-07,-0.0141832084430046,0.0003256211595855,-0.0145088296025902,-0.007862389,1.2400592781130917,1.6203736844143757
2025-07-08,0.0067761223902234,0.0003421684183886,0.0064339539718348,-0.0007159114,1.2480377624308177,1.6192136404214434
2025-07-09,0.0043209810803666,0.0003314936826682,0.0039894873976983,0.00606215,1.2530167933558871,1.6290295563917243
2025-07-10,7.700986411835171e-05,0.0003229912792728,-0.0002459814151544,0.0027462244,1.2527085745118451,1.6335032371078084
2025-07-11,-0.011395636854123,0.0003320380395635,-0.0117276748936866,-0.0032975078,1.2380172156134366,1.62811674744212
2025-07-14,0.0011837663775439,0.0003308394030787,0.0008529269744652,0.0014073849,1.2390731538914856,1.6304081343679073
2025-07-15,-0.0158596344155729,0.000321134228263,-0.016180768643836,-0.003956318,1.2190239978555792,1.6239577213185612
2025-07-16,0.0084833688146162,0.0003327114484709,0.0081506573661452,0.0031936169,1.2289598447832086,1.6291440201422496
2025-07-17,-0.0004099071993434,0.0003356492547484,-0.0007455564540919,0.0053738356,1.2280435858391108,1.637898772275217
2025-07-18,-0.0016325009017561,0.0003290718376884,-0.0019615727394446,-9.0539455e-05,1.225634689018279,1.6377504778130298
2025-07-21,-0.0043853405213964,0.0003247776360475,-0.0047101181574439,0.0013991594,1.2198618048151408,1.6400419517889164
2025-07-22,0.0084087516519988,0.0003233996056217,0.008085352046377,0.0006375313,1.229724816955,1.6410875298664949
2025-07-23,0.0046841915805148,0.000328765456689,0.0043554261238257,0.007811904,1.2350807925478826,1.653907548105409
2025-07-24,-0.0050935387058353,0.0003357036804259,-0.0054292423862612,0.0006982088,1.2283752395585243,1.6550623209098827
2025-07-25,0.0046925734660904,0.0003284175727848,0.0043641558933056,0.0039743185,1.2337360605994343,1.661640065710528
2025-07-28,-0.0061512956408727,0.0003255510293249,-0.0064768466701977,0.00017690659,1.225745341303438,1.66193402078836
2025-07-29,-0.0017546417894332,0.0003312267542228,-0.002085868543656,-0.0029594898,1.2231885976534802,1.6570155440055638
2025-07-30,-0.0126872354810329,0.0003227665426989,-0.0130100020237319,-0.001249373,1.2072749115226027,1.6549453135243029
2025-07-31,-0.0120260227783854,0.0003174523180735,-0.0123434750964589,-0.0036948323,1.1923729437176438,1.6488305681251596
2025-08-01,-0.0167241632746477,0.0003142767527128,-0.0170384400273605,-0.015992105,1.1720567688258634,1.6224622965524924
2025-08-04,0.0065126779496836,0.0003261590010526,0.006186518948631,0.014737129,1.179307720235076,1.6463727327144229
2025-08-05,-0.0051704457450268,0.0003141787261612,-0.0054846244711881,-0.004857838,1.1728396602536135,1.638374920691279
2025-08-06,0.0001753570074325,0.0003413634887037,-0.0001660064812711,0.0072818995,1.1726449612685197,1.6503054022070731
2025-08-07,0.0010927543140835,0.0003395162183747,0.0007532380957087,-0.00079745054,1.1735282421260878,1.6489893652729182
2025-08-08,0.0053930371562934,0.0003234536377614,0.005069583518532,0.0077997446,1.1794775415609022,1.6618510611701631
2025-08-11,-0.0017554301358919,0.0003344491368433,-0.0020898792727353,-0.00250417,1.1770125758941372,1.6576895035983126
2025-08-12,0.0058310349609836,0.0003297570687247,0.0055012778922589,0.011345506,1.1834876491568145,1.6764968298075245
2025-08-13,0.008241735241256,0.0003292434676671,0.0079124917735888,0.003230095,1.1928519854449118,1.6819120738350015
2025-08-14,-0.0041172072210011,0.0003369208277117,-0.0044541280487129,0.00030303,1.1875388699585787,1.6824217436507356
2025-08-15,-0.0031170263489,0.0003223819922384,-0.0034394083411385,-0.0028971434,1.1834544388638168,1.6775475266001014
2025-08-18,0.0008362238051998,0.0003301802539919,0.0005060435512079,-0.00010073185,1.1840533183507522,1.677378544134284
2025-08-19,-0.0030534560895833,0.0003304760212484,-0.0033839321108318,-0.005858183,1.180046562305848,1.667552153662472
2025-08-20,-0.0010871365099331,0.0003309458402122,-0.0014180823501453,-0.002431631,1.1783731591034925,1.6634972821515095
2025-08-21,-0.0026610807009907,0.0003389046567185,-0.0029999853577092,-0.0040041804,1.174838056880264,1.6568363389388652
2025-08-22,0.0145379886801406,0.0003332799804494,0.0142047086996911,0.015186429,1.191526289247559,1.68199776636478
2025-08-25,-0.0026078494596109,0.0003277720205273,-0.0029356214801383,-0.004266441,1.1880284190786947,1.674821622132453
2025-08-26,0.0051096557514103,0.0003299918552647,0.0047796638961455,0.0041339397,1.19370679562096,1.6817452337266048
2025-08-27,0.0027415800539113,0.0003349537211272,0.002406626332784,0.0023909807,1.1965796018289243,1.685766254122762
2025-08-28,0.0069514400318338,0.0003371623567991,0.0066142776750346,0.0031567812,1.2044941115757035,1.6910878493413712
2025-08-29,-0.0038704755988914,0.0003252397648514,-0.0041957153637428,-0.006398201,1.1994403971262275,1.6802679293726275
2025-09-02,-0.0098469786076525,0.0003360375652134,-0.0101830161728659,-0.0069223046,1.1872264761639024,1.668636602955899
2025-09-03,-0.0001038028503763,0.0003336590222886,-0.0004374618726649,0.005100131,1.1867071098463622,1.6771468682223691
2025-09-04,0.0094063008454737,0.0003338281833143,0.0090724726621593,0.008346438,1.1974734776584337,1.6911450705748814
2025-09-05,0.0058359459324949,0.0003311161588404,0.0055048297736545,-0.0031651855,1.2040653653114093,1.6857922827191012
2025-09-08,0.0026189080398417,0.0003294574681258,0.0022894505717158,0.0021060705,1.2068220134504049,1.6893426801148637
2025-09-09,0.004008026258617,0.000338816980426,0.003669209278191,0.0026881695,1.211250095979282,1.6938839195825968
2025-09-10,-0.0037084068938133,0.0003271476248467,-0.0040355545186601,0.002983451,1.2063620301812252,1.6989375392563593
2025-09-11,0.0183445258830805,0.0003537566336842,0.0179907692493962,0.008485913,1.228065411097449,1.7133545754069226
2025-09-12,-0.0062655920004764,0.0003183824350085,-0.0065839744354849,-0.00048273802,1.21997985982568,1.7125274740116327
2025-09-15,0.0011932060015862,0.0003403123188157,0.0008528936827704,0.004706621,1.2210203729412326,1.7205876917838927
2025-09-16,-0.0030540244403731,0.000319389552754,-0.0033734139931272,-0.0012879968,1.216901365729259,1.7183715803427557
2025-09-17,0.0019589963921968,0.000337279733977,0.0016217166582197,-0.0009701252,1.2188748349454728,1.7167045447697016
2025-09-18,0.0049604862535859,0.000336737716751,0.0046237485368349,0.004789114,1.224510605680137,1.7249260385389218
2025-09-19,-0.0034426969632386,0.0003286474252053,-0.0037713443884439,0.004885435,1.219892554478815,1.7333530525800114
2025-09-22,0.0025384327617245,0.0003232509039761,0.0022151818577484,0.0044100285,1.222594838333899,1.7409971889424511
2025-09-23,0.0053818102141004,0.0003421489439145,0.0050396612701858,-0.005502224,1.2287563021897796,1.7314178324255194
2025-09-24,-0.0013252419259625,0.0003321854110789,-0.0016574273370414,-0.0028465986,1.2267197279039683,1.7264891808477218
2025-09-25,-0.0056905229894817,0.0003328511222342,-0.006023374111716,-0.005009055,1.2193307360525802,1.7178411015839505
2025-09-26,0.0119224840215589,0.0003339647531552,0.0115885192684037,0.0059018135,1.2334609737818825,1.7279794793881336
2025-09-29,0.003051023460866,0.0003244659095632,0.0027265575513027,0.0026355982,1.2368240761141849,1.7325337389936457
2025-09-30,0.0025729292665273,0.0003312892816998,0.0022416399848274,0.004090786,1.2395965904173996,1.7396211637576484
2025-10-01,-0.0031041365957121,0.0003274166716803,-0.0034315532673925,0.0033999681,1.2353428486873042,1.7455358202205096
2025-10-02,-0.0042882764006762,0.0003243296077665,-0.0046126060084428,0.0006183386,1.2296446988409622,1.7466151523958346
2025-10-03,0.0028125678967112,0.0003295052246275,0.0024830626720837,6.556511e-05,1.2326979836925798,1.7467296694104293
2025-10-06,-0.0044503729482126,0.0003354079550468,-0.0047857809032594,0.003646493,1.2267985612227372,1.7530991069228268
2025-10-07,-0.0031893570828401,0.0003261678777597,-0.0035155249605999,-0.0038113594,1.2224857202591304,1.7464174161625248
2025-10-08,0.002061784086884,0.0003263490337155,0.0017354350531685,0.0058276653,1.224607264830066,1.7565949523380109
2025-10-09,-0.0075756136369851,0.0003268032815513,-0.0079024169185364,-0.0027555227,1.2149299076619102,1.7517546150721381
2025-10-10,-0.0145869101507079,0.0003261042709175,-0.0149130144216254,-0.02711165,1.196811640427684,1.7042616570624176
2025-10-13,0.0092371321008994,0.0003313032667324,0.008905828834167,0.015598655,1.2074702400440716,1.7308458466806627
2025-10-14,0.0106694066188091,0.0003308915346899,0.0103385150841192,-0.0015643835,1.2199536893343923,1.7281381399970719
2025-10-15,-0.0063993165110728,0.000330878697789,-0.0067301952088619,0.0040260553,1.2117431628594006,1.7350957197147392
2025-10-16,-0.0015060406745204,0.0003325122255997,-0.0018385529001201,-0.0062943697,1.2095153089531248,1.7241743857899672
2025-10-17,0.0060321768375273,0.0003270363968074,0.0057051404407199,0.0052707195,1.2164157636559032,1.7332620253465507
2025-10-20,0.0074659336757252,0.0003295533831311,0.007136380292594,0.010672212,1.225096569139258,1.7517597651325985
2025-10-21,0.0069038650276933,0.000337259984095,0.0065666050435983,3.2782555e-05,1.233141294449063,1.7518171922934456
2025-10-22,-0.009755328939656,0.0003302642186988,-0.0100855931583549,-0.0053375363,1.2207043330464824,1.7424668044386151
2025-10-23,0.0008647093371907,0.0003303881761223,0.0005343211610684,0.0058273077,1.2213565812030371,1.7526206946651146
2025-10-24,0.0013354539835899,0.0003204978579107,0.0010149561256791,0.007902503,1.2225962045467678,1.7664707849625676
2025-10-27,0.0074885165739398,0.0003295624986081,0.0071589540753317,0.01229012,1.231348714627793,1.788180922886252
2025-10-28,-0.0080408034370145,0.0003283881683653,-0.0083691916053799,0.0022878647,1.2210433213020346,1.7922720388969369
2025-10-29,-0.0148013107357232,0.0003238303607042,-0.0151251410964275,-4.3570995e-05,1.2025748687824909,1.7921939478208915
2025-10-30,0.0008656727145965,0.0003398412903658,0.0005258314242307,-0.009904802,1.2032072204384867,1.7744426216221272
2025-10-31,-0.0013501637997639,0.0003157376025755,-0.0016659014023395,0.0026179552,1.2012027958426532,1.7790880329105045
2025-11-03,-0.0039030127331515,0.0003272363481134,-0.0042302490812649,0.0017206669,1.196121408819127,1.7821492508009198
2025-11-04,-0.0115514434367519,0.0003418007881776,-0.0118932442249296,-0.01173687,1.1818956447813742,1.761232396723672
2025-11-05,0.0065046184799089,0.0003366649036449,0.0061679535762639,0.0036536455,1.1891855222503742,1.7676673155444158
2025-11-06,0.0002934431585355,0.0003200942856182,-2.665112708276552e-05,-0.011178136,1.1891538291158956,1.7479080898885055
2025-11-07,0.0093745026986988,0.0003307607378935,0.0090437419608053,0.0012618303,1.1999082294981234,1.750113653277942
2025-11-10,0.0059099068963069,0.0003344470493334,0.0055754598469735,0.015401006,1.2065982696517432,1.7770671641527576
2025-11-11,0.0098613357394964,0.0003506711667876,0.0095106645727088,0.0020753145,1.2180738210684117,1.7807551374059978
2025-11-12,0.0029719337284702,0.0003280677715056,0.0026438659569646,0.00062954426,1.221294244977004,1.781876201581217
2025-11-13,-0.0124650026726268,0.0003220231300664,-0.0127870258026933,-0.0165568,1.2056775239538022,1.7523740336868772
2025-11-14,-0.0031219290175208,0.0003376219735491,-0.0034595509910699,-0.0005017519,1.201506421080897,1.751494776685964
2025-11-17,-0.0180920058636088,0.0003281834216248,-0.0184201892852337,-0.009162307,1.179374445377163,1.735447043833071
2025-11-18,-0.006267940106099,0.0003241399881201,-0.0065920800942191,-0.008256435,1.1715999145721614,1.721118438119721
2025-11-19,0.0027905319306272,0.0003391790594895,0.0024513528711377,0.0037539005,1.1744719193865727,1.727579345485138
2025-11-20,-0.0242825777548862,0.0003209266526464,-0.0246035044075327,-0.015567303,1.1455757943414218,1.7006855943574293
2025-11-21,0.0121411249354804,0.0003378432564752,0.0118032816790052,0.009823084,1.1590973481266835,1.7173915718083923
2025-11-24,0.0127288237150884,0.0003401725043316,0.0123886512107568,0.015467167,1.1734570008919385,1.743954754053945
2025-11-25,0.0084900935447058,0.0003280412165968,0.0081620523281089,0.009061694,1.1830348183380042,1.759757938385027
2025-11-26,0.0171461709498408,0.0003420525020653,0.0168041184477755,0.006906748,1.2029146755531983,1.771912143006452
2025-11-28,0.0068500204680293,0.0003369297684391,0.0065130906995901,0.005354762,1.2107493679389447,1.7814003108171617
2025-12-01,-0.007945011201081,0.0003253947904783,-0.0082704059915593,-0.005323291,1.2007359791120658,1.7719173985751915
2025-12-02,-0.0013510144935488,0.0003274857940089,-0.0016785002875578,0.002457261,1.198720543425845,1.7762714620939317
2025-12-03,0.006233558724932,0.0003366905217484,0.0058968682031835,0.0029797554,1.2057892404828756,1.781564316574972
2025-12-04,0.0061130031121352,0.0003327151117643,0.0057802880003708,0.0010802746,1.212759049560615,1.7834888952544343
2025-12-05,0.0017811136205948,0.0003352481604887,0.0014458654601061,0.0019366741,1.214512535981806,1.7869429320055112
2025-12-08,0.000364593037116,0.0003196560304089,4.493700670709256e-05,-0.003477335,1.214567112539781,1.7807291328050459
2025-12-09,0.0019604978737134,0.0003319109535876,0.0016285869201258,-0.0008763075,1.2165451406528782,1.7791686665105002
2025-12-10,0.0085964937967109,0.0003324068166558,0.0082640869800551,0.00674963,1.226598775510397,1.7911773967170397
2025-12-11,0.005793216595207,0.0003247134411737,0.0054685031540333,0.0020792484,1.2333064347830092,1.7949016994532798
2025-12-12,-0.0231979419455019,0.0003308405450765,-0.0235287824905785,-0.010663569,1.2042882359347689,1.7757616413329425
2025-12-15,-0.0035353893990831,0.0003254797241516,-0.0038608691232348,-0.00159657,1.1996386366691734,1.7729265135692396
2025-12-16,-0.0060919878631375,0.0003278543420393,-0.0064198422051768,-0.0023839474,1.1919371459185235,1.768699950016825
2025-12-17,-0.0122909477044409,0.0003104427725498,-0.0126013904769907,-0.01159215,1.1769170805187743,1.7481969148912375
2025-12-18,0.0040115773093096,0.0003300077871834,0.0036815695221262,0.007934213,1.1812499825724825,1.7620674815799273
2025-12-19,0.0103176741642679,0.0003396431487404,0.0099780310155275,0.00881815,1.193036531535682,1.7776056569426213
2025-12-22,0.0084571058694117,0.0003357373725278,0.0081213684968839,0.006436467,1.2027256208385275,1.7890471570925457
2025-12-23,-0.0046453408868236,0.0003198132349596,-0.0049651541217833,0.004550338,1.1967539027648466,1.797187926355256
2025-12-24,0.0044905332279106,0.000329266397754,0.0041612668301565,0.0032215118,1.2017339150842823,1.802977588466827
2025-12-26,-0.0001400409451716,0.0003232571624736,-0.0004632981076453,-0.00030440092,1.2011771540355305,1.8024287604301585
2025-12-29,-0.0016009976231668,0.0003301915814205,-0.0019311892045873,-0.0034919977,1.1988574536828602,1.7961346833443226
2025-12-30,-0.0031789857673513,0.0003275463104792,-0.0035065320778305,-0.0013757348,1.1946536215647752,1.7936636783549589
2025-12-31,-0.0088657780645239,0.0003243195303475,-0.0091900975948714,-0.007357657,1.1836746381905283,1.7804665162362647
